2001,Murrigans, Albrecht,amurrigans0@a8.net,238.100.77.207
2003,Alflatt, Cathyleen,calflatt2@blogs.com,174.73.180.49
2004,Bernth, Morgen,mbernth3@techcrunch.com,223.75.158.15
2005,De Gregoli, Michaella,mdegregoli4@usgs.gov,192.177.30.240
2006,Stokoe, Farr,fstokoe5@blinklist.com,57.184.252.136
2007,Folca, Normy,nfolca6@apple.com,216.199.94.184
2009,Borgars, Evelina,eborgars8@yandex.ru,83.239.44.198
2010,Winnister, Doralynne,dwinnister9@amazonaws.com,101.219.192.232
2011,Kearns, Mace,mkearnsa@google.co.uk,27.204.205.249
2012,Oldknowe, Amalia,aoldknoweb@fc2.com,236.38.81.96
2013,McGuff, Stacie,smcguffc@reddit.com,141.255.170.219
2014,Loughren, Bradan,bloughrend@netvibes.com,224.149.224.105
2015,Cabell, Othella,ocabelle@upenn.edu,240.58.172.207
2017,Jump, Cindi,cjumpg@phpbb.com,92.148.248.190
2018,Thomsen, Rudolf,rthomsenh@gravatar.com,213.250.176.45
2019,Meeny, Gloriana,gmeenyi@hc360.com,148.182.34.33
2020,Athridge, Pennie,pathridgej@etsy.com,198.151.84.43
2021,Ackerman, Lennard,lackermank@discuz.net,193.10.40.4
2022,Foulstone, Reeta,rfoulstonel@fc2.com,122.90.175.232
2023,Foucher, Noemi,nfoucherm@tinyurl.com,120.165.219.232
2024,Fitzsimons, Tabor,tfitzsimonsn@free.fr,107.49.21.159
2025,Edelmann, Violante,vedelmanno@flavors.me,200.14.113.182
2027,Klas, Connie,cklasq@ezinearticles.com,112.86.40.168
2028,Worland, Sigismond,sworlandr@cocolog-nifty.com,117.184.86.4
2029,Roly, Anetta,arolys@cdbaby.com,153.96.238.196
2032,Whitmarsh, Lil,lwhitmarshv@answers.com,248.149.248.171
2033,Strettle, Clare,cstrettlew@earthlink.net,13.75.104.237
2034,Kilgallon, Etan,ekilgallonx@foxnews.com,113.82.52.153
2035,Lantoph, Gaspard,glantophy@dmoz.org,134.220.192.142
2036,Baldrey, Arabela,abaldreyz@digg.com,223.225.30.223
2038,Gippes, Lettie,lgippes11@vimeo.com,31.79.149.63
2039,Kilsby, Llewellyn,lkilsby12@cam.ac.uk,27.104.155.104
2040,Macura, Virgina,vmacura13@sina.com.cn,131.85.237.3
2041,Tammadge, Rice,rtammadge14@un.org,7.62.234.174
2042,Hutchin, Sharleen,shutchin15@wsj.com,186.246.5.25
2043,Santhouse, Martyn,msanthouse16@ow.ly,51.191.107.62
2044,Chidlow, Bond,bchidlow17@cbc.ca,214.26.233.127
2045,Mackro, Brianne,bmackro18@surveymonkey.com,150.50.109.31
2046,Vodden, Gwynne,gvodden19@deliciousdays.com,194.142.53.68
2047,Linskill, Nona,nlinskill1a@unc.edu,253.238.209.204
2048,Casarino, Urbanus,ucasarino1b@yolasite.com,232.31.238.167
2051,Oliveti, Monti,moliveti1e@ed.gov,217.212.191.187
2052,Schimonek, Nicky,nschimonek1f@csmonitor.com,167.200.120.217
2053,Gipps, Sheppard,sgipps1g@unblog.fr,223.235.121.108
2054,Tayloe, Seymour,stayloe1h@instagram.com,73.110.32.186
2056,Hollyman, Morris,mhollyman1j@imageshack.us,99.193.73.164
2057,Tilt, Reinwald,rtilt1k@naver.com,214.119.22.196
2058,Purches, Ariadne,apurches1l@nasa.gov,216.183.72.74
2059,Durn, Kristen,kdurn1m@google.nl,209.236.203.22
2060,Haggus, Win,whaggus1n@github.com,89.81.174.14
2064,Bubeer, Kyle,kbubeer1r@harvard.edu,169.75.13.221
2065,Pettegre, Jeth,jpettegre1s@bbc.co.uk,202.40.134.1
2066,Debell, Sammy,sdebell1t@a8.net,160.4.240.4
2068,Coller, Silvanus,scoller1v@about.me,119.196.166.59
2069,Coplestone, Nydia,ncoplestone1w@newyorker.com,138.3.165.111
2070,Zealy, Eleanore,ezealy1x@4shared.com,143.63.138.137
2071,Holtum, Avie,aholtum1y@example.com,104.75.185.38
2072,Sebright, Rick,rsebright1z@xinhuanet.com,4.42.162.53
2073,Corradini, Peri,pcorradini20@dyndns.org,215.221.119.218
2074,Paterson, Walt,wpaterson21@examiner.com,113.38.21.19
2075,Veeler, Anderson,aveeler22@fema.gov,94.136.159.159
2076,Long, Meris,mlong23@cnbc.com,66.66.1.184
2078,Mewha, Amandy,amewha25@shop-pro.jp,226.250.91.207
2079,Chessill, Hillary,hchessill26@columbia.edu,111.8.155.61
2080,Vardy, Ainslee,avardy27@live.com,74.215.63.216
2081,Sjostrom, Tess,tsjostrom28@google.nl,96.162.141.0
2083,Birtles, Dougie,dbirtles2a@about.me,123.60.228.212
2084,Francescone, Parrnell,pfrancescone2b@cloudflare.com,219.201.253.250
2085,McBain, Forrester,fmcbain2c@spiegel.de,131.173.111.14
2086,Prettjohn, Rab,rprettjohn2d@networksolutions.com,211.239.223.68
2087,Imorts, Ellsworth,eimorts2e@blog.com,102.82.94.119
2088,Katz, York,ykatz2f@harvard.edu,30.236.212.160
2089,Roset, Jennette,jroset2g@prweb.com,110.200.168.14
2091,Barkus, Sebastian,sbarkus2i@usatoday.com,137.127.123.229
2092,Coultard, Katya,kcoultard2j@photobucket.com,37.165.55.237
2093,De Cruz, Tamera,tdecruz2k@blogs.com,89.146.126.254
2094,Antoniewicz, Cosme,cantoniewicz2l@who.int,58.221.60.44
2095,Odcroft, Rhoda,rodcroft2m@comsenz.com,220.232.197.3
2096,Lightwing, Emelda,elightwing2n@businessinsider.com,117.68.116.122
2097,Riddles, Rozalin,rriddles2o@infoseek.co.jp,57.39.147.42
2098,Sevior, Eachelle,esevior2p@slideshare.net,151.151.51.58
2099,McAvaddy, Livia,lmcavaddy2q@cyberchimps.com,53.38.76.141
2100,De Courtney, Spence,sdecourtney2r@businessinsider.com,254.110.230.103
2101,Trengove, Edna,etrengove2s@nymag.com,159.88.74.138
2102,Shakelady, Elisabeth,eshakelady2t@techcrunch.com,152.123.53.119
2103,Hughland, Lyndy,lhughland2u@storify.com,239.53.7.49
2104,Braz, Ara,abraz2v@qq.com,147.17.89.117
2106,Yates, Toni,tyates2x@purevolume.com,35.198.82.56
2107,Bartosch, Bealle,bbartosch2y@wordpress.org,209.57.254.248
2109,Spataro, Blinny,bspataro30@army.mil,48.115.223.167
2110,Arrol, Devan,darrol31@amazon.de,203.40.64.216
2111,Warrillow, Maurine,mwarrillow32@51.la,147.85.83.160
2112,Glayzer, Cherin,cglayzer33@ft.com,244.228.60.147
2113,Schutter, Cassie,cschutter34@bloglovin.com,21.202.174.11
2114,Noblet, Dorey,dnoblet35@cbc.ca,32.140.217.102
2115,Strank, Cicely,cstrank36@hatena.ne.jp,241.191.54.4
2116,Wastling, Martin,mwastling37@kickstarter.com,99.218.224.7
2117,Coady, Davine,dcoady38@ft.com,219.103.192.126
2118,Galer, Norine,ngaler39@amazon.co.jp,235.78.195.28
2119,Meriton, Florrie,fmeriton3a@histats.com,197.11.152.178
2120,Chisnell, Johnath,jchisnell3b@virginia.edu,129.133.31.227
2121,Roggers, Ganny,groggers3c@pcworld.com,118.47.244.93
2122,Eldritt, Eran,eeldritt3d@t-online.de,8.69.195.44
2123,Kenton, Gwenore,gkenton3e@ft.com,228.224.189.144
2124,Roubay, Nomi,nroubay3f@stanford.edu,124.176.15.28
2125,Huguenet, Riannon,rhuguenet3g@rambler.ru,42.236.102.198
2126,Domek, Imogene,idomek3h@bloglines.com,218.37.203.136
2127,Burgan, Dedie,dburgan3i@businessinsider.com,94.97.126.26
2128,Antosik, Rose,rantosik3j@reddit.com,230.24.226.73
2129,Maier, Shannen,smaier3k@answers.com,180.142.207.80
2130,Lightowler, Paule,plightowler3l@army.mil,204.85.169.113
2131,Eadie, Addy,aeadie3m@umn.edu,40.217.252.104
2132,Pessolt, Othello,opessolt3n@smh.com.au,35.220.150.237
2133,Soars, Paola,psoars3o@e-recht24.de,73.136.192.229
2135,Job, Skipp,sjob3q@rediff.com,163.255.197.128
2136,Dogerty, Marwin,mdogerty3r@nydailynews.com,98.74.135.128
2137,Zavattero, Evan,ezavattero3s@yahoo.com,199.27.183.169
2138,Sowle, Denys,dsowle3t@ebay.com,185.26.168.189
2139,Rodriguez, Torrey,trodriguez3u@sphinn.com,213.211.59.38
2140,Heffernon, Sioux,sheffernon3v@clickbank.net,129.237.249.19
2141,Cotterell, Petunia,pcotterell3w@opensource.org,126.51.202.143
2142,Klicher, Brenna,bklicher3x@usda.gov,56.97.109.200
2143,Ends, Romain,rends3y@cmu.edu,96.149.247.61
2144,McAmish, Laverna,lmcamish3z@spotify.com,53.80.139.99
2146,Saph, Peterus,psaph41@toplist.cz,205.246.128.64
2147,McMurdo, Meredeth,mmcmurdo42@abc.net.au,114.173.233.210
2148,Blazhevich, Con,cblazhevich43@google.com.hk,160.161.13.200
2149,Penson, Suzanna,spenson44@godaddy.com,108.238.223.254
2150,Dencs, Marketa,mdencs45@360.cn,97.16.149.184
2152,Luxon, Kristal,kluxon47@skyrock.com,192.96.35.19
2153,Clift, Hyacinth,hclift48@redcross.org,191.177.11.43
2154,Dodding, Lara,ldodding49@toplist.cz,154.82.83.255
2155,Ride, Domini,dride4a@soundcloud.com,105.245.167.2
2156,Ackwood, Morgan,mackwood4b@github.com,248.144.71.39
2157,Louder, Alvin,alouder4c@w3.org,254.183.58.81
2158,Tyrie, Annamarie,atyrie4d@globo.com,35.91.123.95
2159,Denyukhin, Lenora,ldenyukhin4e@blogtalkradio.com,194.8.85.56
2160,Berdale, Merv,mberdale4f@pen.io,204.93.211.112
2161,Kirtland, Tait,tkirtland4g@europa.eu,7.119.220.21
2162,Degg, Ronnie,rdegg4h@multiply.com,149.18.92.137
2163,Dahmke, Kristoforo,kdahmke4i@livejournal.com,124.136.189.70
2164,Baccup, Beckie,bbaccup4j@ning.com,94.55.193.116
2165,Scoffins, Blanche,bscoffins4k@tamu.edu,188.178.32.79
2166,Beadman, Worden,wbeadman4l@gmpg.org,32.172.63.241
2167,Durtnal, Rolfe,rdurtnal4m@github.com,57.59.158.101
2168,Kield, Pablo,pkield4n@dedecms.com,1.92.104.124
2169,Scholar, Yorgo,yscholar4o@businesswire.com,254.225.25.6
2170,Robson, Amara,arobson4p@china.com.cn,100.197.232.161
2171,McNickle, Wynn,wmcnickle4q@mail.ru,119.145.186.143
2172,Tuddenham, Mattie,mtuddenham4r@netvibes.com,2.129.32.122
2173,Kiffin, Ravi,rkiffin4s@phoca.cz,150.236.112.226
2174,Mellmoth, Clay,cmellmoth4t@wikia.com,186.234.5.98
2175,Swaddle, Stormy,sswaddle4u@csmonitor.com,103.103.105.242
2176,Ascough, Hartley,hascough4v@patch.com,70.70.143.81
2177,Anetts, Wilhelmina,wanetts4w@issuu.com,164.218.146.121
2178,Bardwall, Domenic,dbardwall4x@mapquest.com,47.150.198.130
2179,Makepeace, Lovell,lmakepeace4y@flickr.com,172.178.240.38
2180,Arminger, Bruis,barminger4z@merriam-webster.com,14.182.29.100
2181,Enoksson, Simona,senoksson50@about.me,97.240.199.248
2182,Croix, Tamara,tcroix51@state.gov,159.236.247.109
2183,Featherstonhalgh, Marion,mfeatherstonhalgh52@reference.com,132.105.185.13
2184,Heaviside, Heath,hheaviside53@tuttocitta.it,77.24.104.171
2186,Oade, Kaylyn,koade55@disqus.com,223.214.69.241
2187,Scain, Taite,tscain56@unc.edu,47.169.177.92
2189,Joire, Sadella,sjoire58@statcounter.com,78.199.147.73
2190,Bisiker, Milena,mbisiker59@boston.com,52.134.115.139
2191,Itzcak, Elvera,eitzcak5a@naver.com,135.126.47.116
2193,Dundin, Clay,cdundin5c@hc360.com,171.189.115.62
2194,Courtes, Kameko,kcourtes5d@imageshack.us,240.162.41.95
2195,Kingsman, Roz,rkingsman5e@illinois.edu,150.47.21.178
2196,Titmarsh, Jessalin,jtitmarsh5f@github.com,47.172.134.187
2197,Guirau, Jesse,jguirau5g@howstuffworks.com,72.68.91.114
2198,Mengo, Florina,fmengo5h@flickr.com,94.136.176.89
2199,Timlin, Clarabelle,ctimlin5i@cafepress.com,15.91.123.242
2200,Pottle, Barbee,bpottle5j@clickbank.net,86.190.2.77
2201,De Pero, Maris,mdepero5k@cafepress.com,87.134.230.65
2202,Ben-Aharon, Olly,obenaharon5l@goo.ne.jp,145.214.248.185
2203,Aldington, Ameline,aaldington5m@google.fr,227.128.205.76
2204,Baldrick, Samuele,sbaldrick5n@github.com,203.65.72.100
2205,Bannard, Kath,kbannard5o@topsy.com,20.210.23.84
2206,Millhill, Con,cmillhill5p@themeforest.net,201.190.126.207
2207,Rutley, Nan,nrutley5q@princeton.edu,192.64.19.85
2208,Millwater, Ellerey,emillwater5r@techcrunch.com,217.142.248.20
2209,Meeson, Ancell,ameeson5s@slate.com,121.114.203.6
2210,Erwin, Martino,merwin5t@disqus.com,36.165.112.10
2211,Tukesby, Muriel,mtukesby5u@tmall.com,200.72.13.246
2212,Pennetta, Cinda,cpennetta5v@tinyurl.com,162.3.105.121
2213,Rojel, Hort,hrojel5w@hhs.gov,45.92.214.21
2214,Brecher, Robers,rbrecher5x@w3.org,96.114.111.45
2215,Scandroot, Rouvin,rscandroot5y@howstuffworks.com,53.81.46.103
2216,Iddy, Lyndsey,liddy5z@de.vu,70.212.93.162
2217,Duffet, Laughton,lduffet60@answers.com,175.250.154.79
2218,Videneev, Octavia,ovideneev61@sourceforge.net,240.80.155.47
2219,Pudney, Al,apudney62@upenn.edu,196.185.111.188
2220,Martins, Jermaine,jmartins63@yellowbook.com,40.11.164.171
2221,Ciccone, Francklin,fciccone64@slate.com,111.55.162.62
2222,Siemandl, Basia,bsiemandl65@army.mil,10.240.186.163
2223,Holdren, Barbie,bholdren66@arstechnica.com,37.22.109.159
2224,Flukes, Shep,sflukes67@google.es,48.84.133.4
2225,O'Neal, Auguste,aoneal68@reuters.com,184.36.226.223
2226,Stoile, Benedick,bstoile69@gov.uk,57.29.17.118
2227,Pybus, Reena,rpybus6a@instagram.com,44.133.172.210
2228,Ber, Maurise,mber6b@who.int,55.93.22.196
2229,Ulyat, Laina,lulyat6c@yandex.ru,76.205.113.1
2230,Brodway, Marjy,mbrodway6d@dmoz.org,34.177.35.108
2231,Blazic, Lynelle,lblazic6e@netvibes.com,3.243.219.87
2232,Speddin, Bellina,bspeddin6f@example.com,94.165.127.69
2233,MacAne, Neilla,nmacane6g@wikipedia.org,134.64.196.1
2235,Beavington, Paulita,pbeavington6i@foxnews.com,1.23.99.233
2236,Taffurelli, Mehetabel,mtaffurelli6j@w3.org,25.186.64.48
2237,Maypole, Blondy,bmaypole6k@google.ca,88.170.116.157
2238,De Domenicis, Anabal,adedomenicis6l@berkeley.edu,249.32.237.105
2240,Neeson, Artie,aneeson6n@cam.ac.uk,207.215.50.172
2241,Sabates, Sylas,ssabates6o@yellowbook.com,10.246.211.98
2242,Surby, Hildegaard,hsurby6p@ihg.com,85.32.172.134
2243,Ashley, Laurice,lashley6q@hubpages.com,132.14.207.9
2244,Takle, Albert,atakle6r@yelp.com,207.7.236.194
2245,Delete, Ripley,rdelete6s@ocn.ne.jp,236.14.181.9
2246,Euplate, Annelise,aeuplate6t@over-blog.com,217.180.233.116
2248,Charrier, Trenna,tcharrier6v@comsenz.com,201.83.212.168
2249,Keogh, Kilian,kkeogh6w@mediafire.com,115.47.157.247
2250,Banham, Dreddy,dbanham6x@weibo.com,103.152.119.20
2251,Ashlee, Sammy,sashlee6y@cdc.gov,32.92.243.66
2252,Daburn, Addy,adaburn6z@simplemachines.org,116.157.168.224
2253,Farny, Lulu,lfarny70@google.co.uk,9.33.143.196
2254,Brusin, Roberto,rbrusin71@purevolume.com,6.197.66.13
2255,Redholls, Casi,credholls72@cpanel.net,61.22.209.93
2256,Borborough, Dionis,dborborough73@netscape.com,181.212.99.215
2257,Mityushkin, Nariko,nmityushkin74@ibm.com,199.253.123.183
2258,Conlon, Rosette,rconlon75@nba.com,130.140.201.97
2259,Carbin, Beilul,bcarbin76@rambler.ru,183.155.121.230
2261,Anneslie, Clerc,canneslie78@bbc.co.uk,227.108.104.140
2262,Ganders, Corliss,cganders79@myspace.com,220.185.28.229
2263,McAlpin, Daile,dmcalpin7a@yellowbook.com,25.74.237.129
2264,Avramovich, Lucretia,lavramovich7b@pagesperso-orange.fr,223.87.220.33
2265,Pyrah, Steve,spyrah7c@soup.io,125.190.90.191
2267,Chappell, Sherwood,schappell7e@sphinn.com,68.13.249.244
2268,Aloigi, Cayla,caloigi7f@vinaora.com,225.68.126.186
2269,Caldeyroux, Jocelin,jcaldeyroux7g@histats.com,210.30.25.17
2270,Trythall, Rochester,rtrythall7h@cyberchimps.com,122.111.90.193
2271,Fronsek, Wendeline,wfronsek7i@tiny.cc,141.133.202.10
2272,Sickert, Vaughan,vsickert7j@sohu.com,2.9.51.1
2273,Aspall, Rickert,raspall7k@joomla.org,218.211.166.246
2274,Woodhouse, Vernen,vwoodhouse7l@histats.com,230.29.255.120
2275,Hebbes, Sari,shebbes7m@wordpress.com,50.244.35.49
2276,Gumbrell, Sasha,sgumbrell7n@blogtalkradio.com,160.40.47.126
2277,Seaman, Addi,aseaman7o@spiegel.de,23.178.236.136
2279,Chittleburgh, Lonnie,lchittleburgh7q@joomla.org,68.98.162.125
2281,Adamik, Selestina,sadamik7s@g.co,210.195.210.203
2282,Coppen, Leda,lcoppen7t@webeden.co.uk,213.131.135.185
2283,Jarret, Halette,hjarret7u@epa.gov,88.131.90.159
2284,Norsister, Fidelity,fnorsister7v@cornell.edu,46.162.15.81
2285,Ely, Doretta,dely7w@creativecommons.org,148.180.186.33
2287,Renouf, Pru,prenouf7y@fastcompany.com,29.10.42.103
2288,Doring, Karl,kdoring7z@seesaa.net,39.237.254.155
2289,Bechley, Aldwin,abechley80@independent.co.uk,95.231.78.1
2292,Mc Cahey, Theodor,tmccahey83@miitbeian.gov.cn,162.85.83.101
2293,Courtes, Mikel,mcourtes84@cisco.com,25.83.145.79
2294,Staton, Ezmeralda,estaton85@engadget.com,203.75.171.25
2295,Heindle, Myer,mheindle86@tamu.edu,76.200.60.133
2296,Jell, Haily,hjell87@nps.gov,42.229.92.22
2297,Farny, Melly,mfarny88@booking.com,98.72.205.70
2298,Uttley, Noam,nuttley89@army.mil,106.132.207.253
2299,Lackemann, Marcela,mlackemann8a@edublogs.org,24.21.96.56
2300,Gimson, Nissy,ngimson8b@bloomberg.com,36.87.70.21
2301,Titchener, Alexine,atitchener8c@about.com,0.152.133.99
2302,Masselin, Ethelda,emasselin8d@disqus.com,141.124.175.1
2303,Pautard, Eustace,epautard8e@amazonaws.com,217.254.21.140
2304,Wyett, Leontine,lwyett8f@eventbrite.com,13.92.0.193
2305,Lindenberg, Xenia,xlindenberg8g@techcrunch.com,126.24.136.126
2306,Elegood, Karola,kelegood8h@cdbaby.com,177.189.130.86
2308,Boyne, Mile,mboyne8j@netlog.com,249.150.65.109
2309,MacMenamie, Rakel,rmacmenamie8k@earthlink.net,218.2.217.84
2310,Satch, Petrina,psatch8l@tripod.com,184.62.139.236
2311,Trewhela, Dorris,dtrewhela8m@list-manage.com,77.213.58.89
2312,Keary, Norrie,nkeary8n@jiathis.com,224.130.133.148
2313,Jump, Magnum,mjump8o@dot.gov,31.82.214.203
2314,Cella, Onofredo,ocella8p@acquirethisname.com,136.196.148.232
2315,Bergstram, Howard,hbergstram8q@macromedia.com,67.194.238.0
2317,Missington, Hanna,hmissington8s@youku.com,143.60.208.200
2318,Stockdale, Birch,bstockdale8t@theglobeandmail.com,149.122.231.200
2319,Whiteson, Iggie,iwhiteson8u@wired.com,140.30.252.180
2320,Dockray, Mercie,mdockray8v@liveinternet.ru,177.214.24.185
2321,Sitwell, Marsh,msitwell8w@deviantart.com,152.65.89.45
2322,Covotto, Thaddus,tcovotto8x@ning.com,253.48.40.99
2323,Skirvane, Alina,askirvane8y@nydailynews.com,220.86.112.30
2324,McCambrois, Riccardo,rmccambrois8z@histats.com,154.10.10.108
2325,Heberden, Dominick,dheberden90@wikimedia.org,70.104.73.11
2326,Plumridge, Lesly,lplumridge91@toplist.cz,162.99.69.32
2328,Bleazard, Charissa,cbleazard93@tripadvisor.com,77.42.215.112
2329,Broughton, Johnnie,jbroughton94@ask.com,100.179.183.73
2330,Saffran, Raven,rsaffran95@chronoengine.com,78.60.184.148
2331,Rehor, Lon,lrehor96@istockphoto.com,228.32.22.236
2332,Moff, Becky,bmoff97@blog.com,205.83.91.160
2333,Airdrie, Lyndsay,lairdrie98@sfgate.com,120.139.23.12
2336,Thon, Neysa,nthon9b@reference.com,24.144.236.31
2337,O'Kelly, Drusy,dokelly9c@sciencedaily.com,148.26.38.102
2338,Noseworthy, Lemmy,lnoseworthy9d@ucsd.edu,48.252.219.143
2339,Sein, Jamesy,jsein9e@addtoany.com,229.56.55.17
2340,Strutt, Fredi,fstrutt9f@elpais.com,53.8.39.249
2341,Dudmesh, Bobinette,bdudmesh9g@joomla.org,211.78.214.10
2342,Ghion, Matthieu,mghion9h@bravesites.com,61.189.152.238
2343,Spitaro, Darin,dspitaro9i@instagram.com,228.214.42.156
2344,Messom, Feliks,fmessom9j@moonfruit.com,92.132.115.100
2345,Kencott, Charmion,ckencott9k@issuu.com,121.42.125.229
2346,O'Currine, Tiertza,tocurrine9l@state.tx.us,143.98.84.49
2347,Bradberry, Eunice,ebradberry9m@senate.gov,28.85.192.102
2348,McCahey, Celene,cmccahey9n@blogspot.com,45.116.240.76
2349,Boyat, Kip,kboyat9o@dion.ne.jp,80.170.140.63
2350,Ackwood, Lorenza,lackwood9p@weather.com,227.237.59.45
2351,Jovanovic, Amberly,ajovanovic9q@sciencedaily.com,3.51.28.11
2352,Leathe, Marika,mleathe9r@forbes.com,113.144.137.77
2353,Wallbrook, Genevra,gwallbrook9s@tumblr.com,179.144.41.21
2354,Deyenhardt, Ado,adeyenhardt9t@elegantthemes.com,245.69.226.63
2355,Ace, Renee,race9u@paginegialle.it,70.96.124.219
2356,Meatcher, Reggie,rmeatcher9v@clickbank.net,153.114.71.88
2357,Frosdick, Will,wfrosdick9w@sciencedirect.com,135.70.33.194
2358,Etherson, Marian,metherson9x@amazon.co.uk,193.118.101.127
2359,Robbie, Larry,lrobbie9y@weibo.com,200.45.135.107
2360,Bamblett, Beverly,bbamblett9z@taobao.com,114.32.154.48
2361,Comben, Collette,ccombena0@freewebs.com,238.73.166.1
2362,Boodell, Rogers,rboodella1@rakuten.co.jp,8.221.213.214
2363,Lowensohn, Tallia,tlowensohna2@ameblo.jp,123.127.132.133
2364,Tuff, Humberto,htuffa3@virginia.edu,197.248.217.16
2365,Bennetts, Laureen,lbennettsa4@google.it,46.239.43.85
2366,Crucitti, Ladonna,lcrucittia5@hibu.com,2.199.21.82
2367,Foreman, Ingaberg,iforemana6@si.edu,76.132.46.176
2368,Bowry, Minne,mbowrya7@wisc.edu,156.155.240.138
2369,Mallalieu, Liza,lmallalieua8@gravatar.com,26.93.55.78
2370,Zorer, Ruthie,rzorera9@house.gov,99.159.49.214
2372,Wolton, Leopold,lwoltonab@toplist.cz,38.77.60.79
2373,Siely, Bethina,bsielyac@tripadvisor.com,77.223.217.31
2374,Cassam, Archie,acassamad@yelp.com,163.175.251.237
2375,Bohlens, Cos,cbohlensae@ameblo.jp,241.245.165.87
2376,Jedraszek, Merle,mjedraszekaf@wordpress.org,46.108.160.160
2377,Whitehurst, Cody,cwhitehurstag@archive.org,225.130.188.218
2378,Meddemmen, Nelly,nmeddemmenah@theglobeandmail.com,175.251.137.241
2379,Byart, Michal,mbyartai@economist.com,143.60.95.125
2380,Babb, Lemmie,lbabbaj@ucoz.ru,15.115.44.156
2381,Kertess, Reiko,rkertessak@sbwire.com,38.191.47.9
2382,Ranklin, Dev,dranklinal@t-online.de,0.214.153.88
2383,Hazelton, Kathye,khazeltonam@gravatar.com,167.11.73.99
2384,Furze, Tomkin,tfurzean@aol.com,111.219.182.98
2385,Eadmeades, Layla,leadmeadesao@sakura.ne.jp,1.228.107.182
2386,Bortoluzzi, Ronny,rbortoluzziap@icio.us,25.222.12.99
2387,Foystone, Cody,cfoystoneaq@ebay.com,135.44.242.39
2388,Willets, Beniamino,bwilletsar@tiny.cc,27.73.162.149
2389,Mercy, Sam,smercyas@weather.com,74.23.11.16
2390,Izacenko, Jolynn,jizacenkoat@uiuc.edu,30.54.74.75
2391,Maldin, Horatia,hmaldinau@last.fm,45.226.192.98
2392,Arnison, Cordula,carnisonav@google.co.jp,232.242.196.154
2393,Gumbley, Marika,mgumbleyaw@wisc.edu,235.190.4.4
2394,Impleton, Reube,rimpletonax@wufoo.com,2.56.60.2
2395,Bilbey, Cyrill,cbilbeyay@ebay.com,159.110.160.122
2396,Cockaday, Nedda,ncockadayaz@posterous.com,54.2.234.110
2397,Marrow, Herc,hmarrowb0@freewebs.com,65.182.2.13
2398,Grinishin, Valery,vgrinishinb1@google.de,113.110.143.59
2399,Angove, Colin,cangoveb2@is.gd,163.217.124.182
2400,Willishire, Monica,mwillishireb3@canalblog.com,188.128.66.175
2401,Degg, Betta,bdeggb4@newyorker.com,233.177.234.97
2402,Bartlomiejczyk, Clemmy,cbartlomiejczykb5@webeden.co.uk,204.184.233.157
2403,Skippings, Otis,oskippingsb6@msn.com,122.169.193.170
2404,Deniske, Nananne,ndeniskeb7@dailymail.co.uk,212.74.240.42
2405,Hunston, Cori,chunstonb8@engadget.com,111.74.41.6
2406,Gillise, Virgil,vgilliseb9@facebook.com,220.30.50.243
2407,Hessenthaler, Elyn,ehessenthalerba@ted.com,18.27.129.72
2408,Dionsetti, Spencer,sdionsettibb@bigcartel.com,215.182.102.62
2409,Sackett, Brinn,bsackettbc@taobao.com,222.202.224.219
2410,Epple, Doria,depplebd@moonfruit.com,232.157.61.93
2412,Krabbe, Karylin,kkrabbebf@gnu.org,71.236.230.91
2413,Pawelek, Koralle,kpawelekbg@kickstarter.com,227.126.62.227
2414,Dablin, Lazarus,ldablinbh@youtube.com,216.242.139.149
2415,Snashall, Elianore,esnashallbi@eventbrite.com,95.108.6.38
2416,Hulett, Tessi,thulettbj@reverbnation.com,104.1.228.213
2417,Barzen, Rudie,rbarzenbk@patch.com,120.4.102.159
2419,O'Fallone, Kellie,kofallonebm@uol.com.br,45.189.77.148
2420,Brunt, Fern,fbruntbn@google.ca,225.233.58.192
2421,Curnow, Anna-diane,acurnowbo@imgur.com,254.211.166.204
2422,Biddell, Menard,mbiddellbp@g.co,197.201.234.71
2423,MacFadyen, Kelcy,kmacfadyenbq@mapquest.com,239.235.92.87
2424,Joynson, Yolanthe,yjoynsonbr@prnewswire.com,26.28.186.4
2425,Verissimo, Nikolas,nverissimobs@mapy.cz,215.187.148.37
2426,Cosh, Alane,acoshbt@amazon.de,175.73.133.89
2427,Mease, Gianni,gmeasebu@berkeley.edu,25.119.141.229
2428,Killingsworth, Pippa,pkillingsworthbv@businesswire.com,70.15.127.28
2429,Haste, Ava,ahastebw@feedburner.com,155.32.87.153
2430,Risbridge, Auroora,arisbridgebx@netlog.com,61.65.41.50
2431,Georgins, Hyatt,hgeorginsby@hatena.ne.jp,244.109.1.189
2432,Heather, Aloise,aheatherbz@dyndns.org,5.108.218.112
2433,Fullman, Cassie,cfullmanc0@linkedin.com,124.162.97.166
2434,Cope, Torrence,tcopec1@mediafire.com,180.240.179.2
2436,Weber, Rayshell,rweberc3@pinterest.com,42.211.145.15
2437,Bonnavant, Mella,mbonnavantc4@drupal.org,39.49.4.191
2438,Prinnett, Greta,gprinnettc5@chronoengine.com,94.200.17.27
2440,Crawcour, Olga,ocrawcourc7@ucoz.com,17.200.51.74
2441,Sprake, Tomlin,tsprakec8@google.ca,134.180.245.157
2442,Ioan, Scarlett,sioanc9@digg.com,149.55.219.77
2443,Bowlands, Corey,cbowlandsca@independent.co.uk,67.81.143.100
2444,Currao, Jarred,jcurraocb@skyrock.com,185.207.7.152
2445,Amoore, Christian,camoorecc@usnews.com,167.158.240.135
2446,Lennard, Lynelle,llennardcd@csmonitor.com,163.192.38.144
2447,Reuben, Mellie,mreubence@psu.edu,5.180.68.82
2448,Crippell, Cristobal,ccrippellcf@flavors.me,171.248.158.119
2449,Livett, Julia,jlivettcg@marketwatch.com,37.45.47.149
2450,Biner, Helli,hbinerch@cnet.com,137.102.216.11
2451,Kleehuhler, Shelley,skleehuhlerci@etsy.com,11.199.8.140
2452,Dullard, Franklin,fdullardcj@blogs.com,183.112.7.252
2453,Janaud, Wilhelmine,wjanaudck@comcast.net,67.210.187.88
2454,Tollerfield, Ali,atollerfieldcl@alibaba.com,185.197.167.33
2455,Goldring, Erika,egoldringcm@typepad.com,88.45.212.192
2456,Crosio, Anthe,acrosiocn@house.gov,110.12.174.96
2457,Fidgett, Giulio,gfidgettco@dmoz.org,69.0.49.208
2458,Sharkey, Herold,hsharkeycp@angelfire.com,38.153.207.56
2459,McCoish, Kikelia,kmccoishcq@multiply.com,13.209.126.74
2461,Cockley, Silva,scockleycs@mail.ru,78.104.231.118
2462,Erington, Ephrem,eeringtonct@cisco.com,61.218.27.232
2463,Dongall, Kiele,kdongallcu@mayoclinic.com,64.183.148.167
2464,Heugh, Frederich,fheughcv@t-online.de,202.113.16.205
2465,Janeczek, Jermain,jjaneczekcw@bloglovin.com,60.150.11.67
2466,Shotton, Ingamar,ishottoncx@squidoo.com,204.100.192.142
2467,Nettles, Omar,onettlescy@hud.gov,196.183.219.171
2468,Bartholomieu, Eddie,ebartholomieucz@accuweather.com,40.250.18.79
2469,Farherty, Ariel,afarhertyd0@boston.com,100.93.25.247
2470,Orneblow, Meg,morneblowd1@msu.edu,146.60.247.236
2471,Stitch, Ginnie,gstitchd2@ezinearticles.com,2.240.93.120
2472,O'Grogane, Betti,bogroganed3@redcross.org,249.28.162.49
2473,Lillicrap, Lamont,llillicrapd4@earthlink.net,80.10.14.154
2474,Charon, Bruno,bcharond5@ebay.co.uk,203.104.237.76
2475,Barz, Ag,abarzd6@mashable.com,179.136.186.176
2476,Letchford, Codee,cletchfordd7@foxnews.com,218.55.75.180
2477,Sonner, Patrizia,psonnerd8@nytimes.com,128.248.77.175
2478,Skipsea, Belva,bskipsead9@icio.us,67.31.203.235
2479,O'Daly, Carmelle,codalyda@mashable.com,16.213.155.226
2480,Housam, Nance,nhousamdb@blinklist.com,89.51.24.139
2481,Wheelhouse, Teddi,twheelhousedc@cornell.edu,252.227.120.114
2483,Venditto, Maximilianus,mvendittode@techcrunch.com,57.226.163.120
2484,Steuhlmeyer, Gilberto,gsteuhlmeyerdf@deliciousdays.com,75.213.53.23
2485,Farland, Merrick,mfarlanddg@skype.com,146.132.147.230
2486,Rathbone, Lionel,lrathbonedh@booking.com,101.201.168.83
2487,Verrick, Moore,mverrickdi@cyberchimps.com,215.55.129.255
2488,Batstone, Sapphire,sbatstonedj@scribd.com,24.15.150.62
2489,Madgin, Raviv,rmadgindk@tumblr.com,98.88.144.88
2490,Volante, Terri,tvolantedl@answers.com,182.100.78.157
2491,Mordacai, Kelley,kmordacaidm@examiner.com,162.3.203.203
2492,Jocic, Beitris,bjocicdn@addtoany.com,239.210.71.226
2493,Elener, Bogart,belenerdo@sogou.com,251.12.79.35
2494,Cameli, Miner,mcamelidp@macromedia.com,48.57.86.218
2495,McCathy, Constantino,cmccathydq@addthis.com,35.159.33.147
2496,Ornells, Natala,nornellsdr@yolasite.com,243.81.75.34
2498,Thompstone, Troy,tthompstonedt@xrea.com,36.149.13.77
2499,Cosker, Amanda,acoskerdu@xing.com,232.47.217.114
2500,Yeardley, Ardeen,ayeardleydv@opera.com,226.146.191.234
2502,Minithorpe, Thornton,tminithorpedx@php.net,7.195.56.13
2503,Kibblewhite, Giovanni,gkibblewhitedy@dell.com,97.53.247.38
2504,Billham, Moise,mbillhamdz@desdev.cn,63.33.43.117
2505,Scrimshire, Alvina,ascrimshiree0@cisco.com,255.218.126.15
2506,Drabble, Eal,edrabblee1@vinaora.com,220.76.97.124
2507,Clampton, Nikos,nclamptone2@buzzfeed.com,215.24.177.37
2508,Buckerfield, Desdemona,dbuckerfielde3@trellian.com,15.32.71.228
2509,Kippax, Shari,skippaxe4@forbes.com,16.123.98.52
2510,Pritchett, Frederik,fpritchette5@php.net,151.169.70.117
2511,Eastman, Cull,ceastmane6@is.gd,39.154.167.115
2512,Novkovic, Laure,lnovkovice7@bravesites.com,187.184.113.54
2513,Coult, Denny,dcoulte8@webmd.com,156.212.121.241
2514,Osbaldeston, Filippa,fosbaldestone9@youku.com,97.55.167.11
2515,Nicklinson, Massimiliano,mnicklinsonea@cargocollective.com,235.147.47.65
2516,McGaughie, Laurence,lmcgaughieeb@hao123.com,33.43.234.184
2517,Vesco, Wilmer,wvescoec@typepad.com,255.15.16.110
2518,Caves, Luce,lcavesed@sfgate.com,236.50.115.195
2519,Izkovicz, Francis,fizkoviczee@si.edu,57.84.251.15
2520,Kilcullen, Helaina,hkilcullenef@home.pl,3.218.10.105
2522,Danbury, Alvira,adanburyeh@forbes.com,126.192.29.88
2523,Coursor, Gratia,gcoursorei@cbslocal.com,191.133.194.229
2524,Krystof, Phoebe,pkrystofej@ycombinator.com,146.3.149.46
2525,Adicot, Tawsha,tadicotek@youtu.be,186.10.48.66
2526,Louis, Trixi,tlouisel@cafepress.com,86.191.242.50
2527,Chaplyn, Annabella,achaplynem@state.gov,164.250.174.10
2528,Julian, Lowe,ljulianen@unc.edu,35.185.22.246
2529,Ingram, Hilarius,hingrameo@adobe.com,249.254.247.35
2532,Maddra, Angela,amaddraer@yale.edu,32.23.19.54
2533,Lassen, Hercule,hlassenes@europa.eu,248.45.18.178
2534,Canavan, Renaud,rcanavanet@hhs.gov,171.134.209.143
2535,Filliskirk, Georgette,gfilliskirkeu@whitehouse.gov,129.111.242.215
2536,Sineath, Dasha,dsineathev@tiny.cc,12.84.91.54
2537,Biskup, Korey,kbiskupew@latimes.com,236.39.8.1
2538,Romaint, Ertha,eromaintex@wired.com,213.43.142.235
2539,McInerney, Thor,tmcinerneyey@wordpress.org,107.165.116.94
2540,Silbersak, Cordi,csilbersakez@ft.com,243.247.194.102
2541,Cisar, Cori,ccisarf0@cargocollective.com,41.92.192.251
2542,Lukovic, Kandace,klukovicf1@merriam-webster.com,55.66.142.40
2543,Pidgeon, Nevile,npidgeonf2@sitemeter.com,234.63.82.144
2544,Noyce, Lynnea,lnoycef3@mtv.com,39.130.201.34
2545,O' Molan, Jarrid,jomolanf4@bloomberg.com,77.105.5.124
2546,Kingdom, Murray,mkingdomf5@hao123.com,226.136.112.225
2547,Scourfield, Yurik,yscourfieldf6@loc.gov,115.74.251.150
2548,Trevaskus, Donavon,dtrevaskusf7@cloudflare.com,218.51.243.96
2549,Halliburton, Frederich,fhalliburtonf8@state.tx.us,112.140.101.185
2550,Thoumas, Ricki,rthoumasf9@webeden.co.uk,113.16.222.134
2551,Dudhill, Elnora,edudhillfa@barnesandnoble.com,21.42.146.139
2552,Semrad, Tonya,tsemradfb@hubpages.com,181.56.175.203
2553,Antalffy, Celia,cantalffyfc@xinhuanet.com,107.18.145.6
2554,Rampley, Sheryl,srampleyfd@thetimes.co.uk,10.253.164.21
2556,Wolsey, Charles,cwolseyff@huffingtonpost.com,61.199.55.82
2557,Blinde, Meris,mblindefg@imgur.com,43.77.0.109
2559,Laverenz, Theodor,tlaverenzfi@is.gd,166.251.227.39
2560,Pashler, Gregorio,gpashlerfj@sciencedirect.com,139.218.225.126
2561,Fishleigh, Robena,rfishleighfk@elegantthemes.com,146.210.241.107
2562,Esposi, Ondrea,oesposifl@aol.com,175.165.51.220
2563,Icke, Arabella,aickefm@rakuten.co.jp,129.145.136.137
2564,O'Reagan, Gordon,goreaganfn@google.co.uk,252.94.215.47
2565,Amesbury, Diahann,damesburyfo@artisteer.com,57.198.83.141
2566,Archbutt, Meryl,marchbuttfp@tumblr.com,138.171.210.132
2567,Kilkenny, Shirlee,skilkennyfq@ucsd.edu,60.71.24.204
2568,Covet, Herrick,hcovetfr@google.it,215.211.96.194
2569,Kilbee, Noby,nkilbeefs@geocities.jp,128.108.112.109
2570,Hendonson, Chad,chendonsonft@rediff.com,213.119.21.33
2571,Wimsett, Isidro,iwimsettfu@yolasite.com,225.203.240.117
2572,Finey, Ceil,cfineyfv@techcrunch.com,2.153.118.110
2573,Ashpital, Ely,eashpitalfw@telegraph.co.uk,232.160.236.103
2574,Rennie, Harold,hrenniefx@people.com.cn,102.93.4.125
2575,Reckhouse, Bertrando,breckhousefy@homestead.com,98.89.173.108
2576,Nairne, Daphne,dnairnefz@yellowpages.com,19.58.167.76
2577,Tourmell, Nial,ntourmellg0@zdnet.com,255.61.225.227
2578,Eskrick, Tyson,teskrickg1@buzzfeed.com,121.62.160.196
2580,Tiuit, Northrup,ntiuitg3@springer.com,241.254.117.160
2581,Kryszka, Alvis,akryszkag4@jimdo.com,231.30.112.220
2582,Thorburn, Amalia,athorburng5@home.pl,142.232.170.236
2583,Yakhin, Tania,tyakhing6@bizjournals.com,5.216.178.64
2584,Ayliff, Roseanne,rayliffg7@pcworld.com,191.63.125.163
2585,Sollars, Ximenes,xsollarsg8@eepurl.com,31.215.20.40
2588,Aguirrezabala, Mead,maguirrezabalagb@kickstarter.com,189.93.85.233
2589,Bonsale, Gallagher,gbonsalegc@kickstarter.com,89.70.45.112
2590,Grelka, Rahel,rgrelkagd@facebook.com,11.22.123.235
2591,Dilger, Madison,mdilgerge@printfriendly.com,59.48.63.90
2592,Aylwin, Cullen,caylwingf@hostgator.com,65.32.186.116
2593,Bare, Lyndel,lbaregg@cnet.com,3.24.176.150
2594,Sterzaker, Lanita,lsterzakergh@businessinsider.com,118.239.225.183
2596,Fisby, Marya,mfisbygj@live.com,101.96.66.217
2597,Lewing, Ailina,alewinggk@cam.ac.uk,74.68.136.128
2598,Mouton, Wallis,wmoutongl@surveymonkey.com,114.249.164.73
2599,Boice, Verla,vboicegm@booking.com,169.74.187.251
2601,Brevetor, Zahara,zbrevetorgo@google.co.jp,35.13.35.98
2602,Klemps, Ashil,aklempsgp@multiply.com,100.247.142.62
2604,Brockett, Frans,fbrockettgr@si.edu,240.207.235.248
2605,Caws, Reagen,rcawsgs@yellowbook.com,184.180.29.25
2606,Spacey, Leena,lspaceygt@engadget.com,102.255.83.36
2608,Scurrer, Tedra,tscurrergv@dell.com,8.220.17.90
2610,Weatherup, Archibaldo,aweatherupgx@imageshack.us,193.175.119.57
2611,Chatel, Alexander,achatelgy@people.com.cn,91.40.81.74
2612,Johl, York,yjohlgz@youku.com,117.155.74.235
2613,De Michetti, Jareb,jdemichettih0@ehow.com,129.127.178.96
2614,Ambler, Yoshi,yamblerh1@sogou.com,138.146.235.143
2615,Strognell, Matthiew,mstrognellh2@w3.org,93.51.101.153
2616,Keach, Zacharias,zkeachh3@sfgate.com,216.62.86.209
2617,Garfath, Karlen,kgarfathh4@blinklist.com,254.97.165.224
2618,Jerrold, Shanie,sjerroldh5@wordpress.com,124.138.239.86
2619,Dennerley, Vivia,vdennerleyh6@mapquest.com,70.213.184.238
2620,Spaxman, Robyn,rspaxmanh7@latimes.com,109.20.220.181
2621,Mears, Dacie,dmearsh8@discuz.net,221.73.187.47
2622,Cuncliffe, Ignaz,icuncliffeh9@theatlantic.com,18.86.252.216
2623,Plank, Carma,cplankha@upenn.edu,108.106.221.169
2624,Cosson, Holly,hcossonhb@symantec.com,244.153.227.160
2625,Brattell, Dickie,dbrattellhc@pinterest.com,89.207.36.63
2626,Ortes, Wyn,worteshd@eventbrite.com,125.180.139.11
2627,Petto, Shane,spettohe@squarespace.com,52.22.180.120
2628,Percy, Tory,tpercyhf@cbslocal.com,185.251.183.79
2629,Bernard, Kellyann,kbernardhg@opensource.org,88.200.157.98
2630,O'Teague, Florida,foteaguehh@icio.us,59.224.101.216
2631,Bath, Wain,wbathhi@wordpress.com,198.3.141.230
2632,Regardsoe, Correna,cregardsoehj@photobucket.com,0.93.124.166
2634,Scain, Shalna,sscainhl@ebay.com,0.201.243.142
2635,Molesworth, Halie,hmolesworthhm@lycos.com,89.108.220.52
2636,Kretschmer, Rakel,rkretschmerhn@pbs.org,201.250.231.164
2638,Akroyd, Travers,takroydhp@prlog.org,198.52.244.151
2639,Turland, Korie,kturlandhq@nhs.uk,7.207.61.182
2640,Dillon, Zedekiah,zdillonhr@ibm.com,119.129.220.227
2641,Brumham, Celestyna,cbrumhamhs@icq.com,167.68.155.250
2642,Seeman, Frank,fseemanht@mozilla.org,160.44.206.134
2643,Baudone, Tedd,tbaudonehu@hubpages.com,175.171.147.12
2644,Manneville, Netty,nmannevillehv@yellowpages.com,6.75.52.155
2645,Hyndley, Gordon,ghyndleyhw@phpbb.com,234.236.190.134
2647,MacSharry, Quill,qmacsharryhy@uol.com.br,225.94.241.176
2648,Heaslip, Klemens,kheasliphz@illinois.edu,10.255.48.103
2649,Bille, Carola,cbillei0@reference.com,72.176.76.182
2650,Laurenty, Mellisa,mlaurentyi1@uiuc.edu,10.173.203.84
2652,Wyse, Janessa,jwysei3@plala.or.jp,16.94.241.6
2653,Giocannoni, Marybeth,mgiocannonii4@google.ru,32.172.189.41
2654,Havard, Issy,ihavardi5@eepurl.com,90.220.38.210
2655,Rawcliffe, Alick,arawcliffei6@google.ru,219.218.31.10
2656,Pighills, Candi,cpighillsi7@answers.com,47.66.100.69
2658,Lantry, Ertha,elantryi9@europa.eu,29.186.59.120
2659,Jellings, Bernadette,bjellingsia@hp.com,118.0.190.115
2660,Blaik, Lilly,lblaikib@chron.com,171.20.208.36
2661,Schwant, Gothart,gschwantic@springer.com,82.51.130.131
2662,Mourant, Lynnelle,lmourantid@sogou.com,179.246.226.102
2663,Bagwell, Sella,sbagwellie@dyndns.org,175.235.177.215
2664,Myall, Brittney,bmyallif@dagondesign.com,89.186.233.40
2665,Louys, Lamond,llouysig@reference.com,152.113.49.91
2666,Kimberley, Rosa,rkimberleyih@ow.ly,242.188.181.151
2667,Aguirrezabala, Ronny,raguirrezabalaii@chron.com,124.13.157.230
2669,Elion, Sergeant,selionik@spotify.com,56.75.219.253
2670,Norcliffe, Lira,lnorcliffeil@uiuc.edu,97.210.82.47
2672,Stirland, Tansy,tstirlandin@stumbleupon.com,108.248.31.230
2673,Culverhouse, Marquita,mculverhouseio@phpbb.com,76.184.198.91
2675,Swindles, Emelia,eswindlesiq@nasa.gov,4.193.44.163
2676,Broadway, Cherye,cbroadwayir@nba.com,87.197.244.63
2677,Heckner, Major,mheckneris@sphinn.com,1.12.152.137
2678,Marjot, Bonnibelle,bmarjotit@state.tx.us,145.180.248.108
2679,Tawse, Christiana,ctawseiu@delicious.com,37.161.137.113
2680,Vian, Lilllie,lvianiv@businessweek.com,160.212.131.138
2681,Works, Amelina,aworksiw@cargocollective.com,49.159.249.6
2682,Chatelain, Kaye,kchatelainix@businessinsider.com,230.20.209.218
2683,Reede, Jeralee,jreedeiy@feedburner.com,172.24.159.222
2684,Kidder, Brenn,bkidderiz@biglobe.ne.jp,236.130.160.200
2685,Corradini, Rad,rcorradinij0@nymag.com,42.110.209.196
2686,Chinnock, Leo,lchinnockj1@springer.com,1.156.190.219
2687,Riddell, Art,ariddellj2@patch.com,106.34.100.204
2688,Copnar, Lock,lcopnarj3@geocities.com,211.226.51.191
2689,Wyvill, Brennan,bwyvillj4@google.fr,18.124.132.1
2690,Tesyro, Reese,rtesyroj5@bing.com,95.74.205.179
2691,Axleby, Jozef,jaxlebyj6@gmpg.org,204.38.229.29
2693,Mahomet, Noel,nmahometj8@jigsy.com,159.6.208.88
2695,Crannage, Laina,lcrannageja@whitehouse.gov,146.98.128.140
2696,Jirsa, Annette,ajirsajb@businessweek.com,0.34.186.246
2697,Jimenez, Eva,ejimenezjc@ftc.gov,183.81.219.42
2698,Gymlett, Shoshanna,sgymlettjd@usatoday.com,159.150.39.253
2699,O'Cullen, Edgard,eocullenje@yolasite.com,139.97.124.178
2700,Debold, Maddie,mdeboldjf@deviantart.com,215.173.164.136
2701,Wager, Noble,nwagerjg@youku.com,220.130.225.148
2702,Burdas, Danie,dburdasjh@mtv.com,16.120.84.191
2703,Dayce, Bess,bdayceji@blogs.com,55.16.28.194
2704,Duffree, Humfrid,hduffreejj@xrea.com,123.95.38.215
2705,Tankard, Corey,ctankardjk@eventbrite.com,119.226.189.80
2708,Ravens, Claus,cravensjn@privacy.gov.au,85.147.108.44
2709,Avramovsky, Dianna,davramovskyjo@shutterfly.com,222.9.70.136
2710,Brecon, Cyndy,cbreconjp@hatena.ne.jp,110.17.108.84
2711,Woodberry, Jonell,jwoodberryjq@myspace.com,233.208.166.195
2712,Cullin, Tammie,tcullinjr@instagram.com,91.181.23.34
2713,Fullicks, Tom,tfullicksjs@nba.com,83.8.138.200
2714,Tremmel, Adelle,atremmeljt@histats.com,222.82.132.235
2715,Dysert, Caressa,cdysertju@time.com,85.223.251.104
2716,Croson, Danika,dcrosonjv@rediff.com,149.26.0.120
2717,L'Episcopi, Hanni,hlepiscopijw@chron.com,101.229.52.186
2718,Compton, Lottie,lcomptonjx@sohu.com,156.159.83.113
2719,Tuck, Tamiko,ttuckjy@dyndns.org,29.192.68.198
2720,Sicely, Chalmers,csicelyjz@toplist.cz,104.195.83.106
2721,Maud, Fina,fmaudk0@addthis.com,123.39.82.242
2722,Nealey, Jordon,jnealeyk1@msn.com,83.33.97.170
2723,Uff, Sanson,suffk2@skype.com,198.220.40.36
2725,Gellan, Melvin,mgellank4@gmpg.org,69.231.110.195
2726,Rattery, Jude,jratteryk5@blinklist.com,136.212.192.154
2727,Lockey, Filippa,flockeyk6@about.me,9.157.136.211
2728,Loughton, Veronica,vloughtonk7@tumblr.com,98.254.227.32
2729,Cartmel, Rik,rcartmelk8@netvibes.com,103.88.21.214
2730,Moorrud, Olympia,omoorrudk9@un.org,120.164.100.215
2731,Jerrems, Boris,bjerremska@toplist.cz,2.60.142.126
2732,MacConneely, Ofilia,omacconneelykb@biblegateway.com,39.56.10.12
2733,Cawsy, Gerri,gcawsykc@yandex.ru,84.199.241.243
2736,Westerman, Rufe,rwestermankf@newyorker.com,170.161.87.204
2737,Ricciardiello, Talbert,tricciardiellokg@mozilla.org,178.225.87.46
2738,Killcross, Brett,bkillcrosskh@forbes.com,28.203.109.121
2739,Prettejohns, Jayne,jprettejohnski@zdnet.com,229.229.151.72
2740,McAlinion, Adriena,amcalinionkj@wired.com,35.7.219.201
2741,Suller, Ava,asullerkk@dailymotion.com,44.104.55.152
2743,Romney, Alane,aromneykm@netlog.com,155.20.193.216
2744,Paterno, Silvan,spaternokn@archive.org,180.5.192.29
2745,Heam, Duky,dheamko@japanpost.jp,150.2.53.170
2746,Mertsching, Cindelyn,cmertschingkp@wikipedia.org,170.116.241.200
2747,Sabathier, Ephrem,esabathierkq@sitemeter.com,10.166.241.170
2748,D'Agostini, Delbert,ddagostinikr@ehow.com,76.154.205.219
2749,Crosby, Eduard,ecrosbyks@loc.gov,0.35.192.252
2750,McRill, Alvis,amcrillkt@theglobeandmail.com,96.171.115.220
2751,Bartolomeoni, Jesselyn,jbartolomeoniku@nyu.edu,12.82.198.10
2752,Cathesyed, Zacherie,zcathesyedkv@admin.ch,118.182.104.241
2754,Spens, Correy,cspenskx@chron.com,226.105.197.20
2755,Arnholz, Lind,larnholzky@va.gov,191.81.181.234
2756,Divers, Buckie,bdiverskz@cam.ac.uk,203.176.243.246
2759,Gebb, Dotti,dgebbl2@narod.ru,42.35.147.38
2760,Tregoning, Ethelbert,etregoningl3@ft.com,162.246.128.62
2762,Skellon, Filip,fskellonl5@github.io,0.115.153.22
2763,Pena, Kori,kpenal6@yandex.ru,26.9.191.230
2764,Connechy, Cosmo,cconnechyl7@technorati.com,223.11.204.219
2766,Grutchfield, Ronnie,rgrutchfieldl9@examiner.com,202.108.231.120
2767,Luthwood, Candida,cluthwoodla@google.nl,177.219.86.24
2769,Curnnok, Doloritas,dcurnnoklc@netscape.com,138.28.53.17
2770,Hazle, Roderic,rhazleld@si.edu,97.141.161.49
2771,Leahey, Milena,mleaheyle@admin.ch,47.202.71.77
2772,Mollison, Kassie,kmollisonlf@squidoo.com,154.110.44.160
2773,Tomaselli, Garfield,gtomasellilg@omniture.com,244.43.201.171
2774,Drewery, Pen,pdrewerylh@github.com,93.83.65.40
2775,Friedman, Hunter,hfriedmanli@usa.gov,207.33.41.167
2776,Coxhead, Koo,kcoxheadlj@uiuc.edu,138.97.142.94
2777,Brinkman, Niki,nbrinkmanlk@altervista.org,248.167.104.121
2779,Burgen, Ronny,rburgenlm@free.fr,41.122.157.237
2780,Crum, Barbabas,bcrumln@gmpg.org,16.122.215.216
2781,Alfwy, Moria,malfwylo@elegantthemes.com,0.80.27.69
2782,Vogelein, Zondra,zvogeleinlp@tinypic.com,46.25.2.132
2783,Clohessy, Tania,tclohessylq@addthis.com,148.41.209.249
2784,Stonner, Leontyne,lstonnerlr@gov.uk,189.10.75.110
2787,Follett, Justus,jfollettlu@yale.edu,136.190.43.162
2788,Dautry, Jan,jdautrylv@time.com,227.57.148.175
2789,De Roeck, Elisa,ederoecklw@elegantthemes.com,87.70.77.185
2790,Cossell, Alida,acosselllx@joomla.org,233.220.26.25
2791,Stealey, Vic,vstealeyly@ted.com,191.252.59.211
2792,Crux, Louis,lcruxlz@yolasite.com,54.248.161.64
2793,Instrell, Galina,ginstrellm0@unblog.fr,116.163.13.15
2794,Heeks, Cassandry,cheeksm1@apache.org,108.90.1.49
2795,Grassin, Modestia,mgrassinm2@uol.com.br,146.20.54.145
2797,Spaxman, Wileen,wspaxmanm4@walmart.com,246.68.66.200
2798,Kermitt, Aube,akermittm5@weibo.com,111.253.40.107
2799,Paulitschke, Bendite,bpaulitschkem6@flickr.com,189.23.166.245
2800,Harwood, Tomasina,tharwoodm7@usda.gov,150.151.219.118
2801,Huban, Holden,hhubanm8@ucla.edu,194.68.115.178
2802,Boerderman, Kandy,kboerdermanm9@merriam-webster.com,158.195.139.84
2803,Worsley, Elston,eworsleyma@accuweather.com,100.201.193.28
2806,Quarterman, Chancey,cquartermanmd@privacy.gov.au,155.253.73.162
2808,Marrow, Pancho,pmarrowmf@ihg.com,183.1.47.195
2809,Blackater, Pamelina,pblackatermg@hexun.com,90.64.235.103
2810,Pontin, Maire,mpontinmh@bbc.co.uk,177.82.171.180
2811,Dawidowitz, Tally,tdawidowitzmi@tamu.edu,166.152.32.123
2812,Christall, Quentin,qchristallmj@liveinternet.ru,16.216.153.85
2813,Setford, Olympe,osetfordmk@kickstarter.com,121.46.156.132
2814,Struther, Kliment,kstrutherml@wp.com,85.26.146.146
2815,Cluely, Eleen,ecluelymm@nytimes.com,81.99.149.46
2817,Perllman, Christiana,cperllmanmo@tuttocitta.it,19.187.138.206
2818,Westoff, Hayden,hwestoffmp@pbs.org,168.71.93.215
2819,Jarvie, Smith,sjarviemq@yale.edu,148.17.49.129
2820,Hache, Jeana,jhachemr@accuweather.com,180.132.5.25
2821,Halburton, Katharyn,khalburtonms@harvard.edu,173.209.135.97
2822,Sebrens, Mariquilla,msebrensmt@ycombinator.com,184.43.155.44
2823,Oake, Veda,voakemu@weather.com,128.154.111.146
2824,Rendbaek, Olenka,orendbaekmv@bigcartel.com,29.34.0.189
2826,Girk, Cariotta,cgirkmx@arizona.edu,115.255.85.186
2827,Arsnell, Anjanette,aarsnellmy@microsoft.com,17.229.125.2
2828,Lindberg, Clementia,clindbergmz@stumbleupon.com,239.210.212.177
2829,Borgnol, Garald,gborgnoln0@mtv.com,207.166.23.139
2830,Somner, Rikki,rsomnern1@clickbank.net,108.26.68.210
2831,Garrick, Adrianna,agarrickn2@yale.edu,224.243.216.245
2834,Beverstock, Antoni,abeverstockn5@hostgator.com,192.78.195.24
2835,Haxbie, Yvonne,yhaxbien6@wiley.com,230.185.132.111
2836,Burgon, Guenna,gburgonn7@github.io,66.81.48.241
2837,Killoran, Brantley,bkillorann8@1und1.de,125.33.198.233
2838,Addie, Towney,taddien9@noaa.gov,70.194.106.102
2839,Dawtre, Jozef,jdawtrena@github.com,135.151.213.250
2840,Holworth, Nevil,nholworthnb@ning.com,233.32.10.64
2841,Flores, Krystyna,kfloresnc@youku.com,141.164.145.154
2842,Quarlis, Carlin,cquarlisnd@earthlink.net,210.164.1.59
2843,Sugars, Jourdan,jsugarsne@nasa.gov,84.184.206.213
2844,Petican, Emmett,epeticannf@nationalgeographic.com,92.114.204.207
2845,Vinau, Emmott,evinaung@mapquest.com,198.241.30.168
2846,Bimson, Rubetta,rbimsonnh@istockphoto.com,72.196.157.216
2848,Killick, Wilfred,wkillicknj@kickstarter.com,82.85.85.240
2850,Mingardi, Taryn,tmingardinl@usgs.gov,80.46.212.4
2851,Dowry, Elna,edowrynm@google.ru,76.8.90.11
2852,Arckoll, Franklin,farckollnn@squidoo.com,196.99.174.223
2853,Ivashnikov, Nelie,nivashnikovno@stumbleupon.com,135.247.182.55
2854,Yakubowicz, Kathie,kyakubowicznp@gov.uk,45.4.24.215
2855,Chamney, Hanna,hchamneynq@booking.com,194.81.248.123
2856,Gloyens, Aubine,agloyensnr@surveymonkey.com,24.188.100.59
2858,Oleszczak, Bonni,boleszczaknt@furl.net,135.135.246.80
2859,Hague, Esdras,ehaguenu@sina.com.cn,59.232.76.13
2860,Tinghill, Ryun,rtinghillnv@nytimes.com,0.154.143.4
2861,Gohier, Homere,hgohiernw@smugmug.com,45.189.199.60
2862,Moors, Tallie,tmoorsnx@youtube.com,44.60.52.194
2863,Westmoreland, Vanya,vwestmorelandny@t.co,201.183.233.34
2864,McNee, Baillie,bmcneenz@lycos.com,76.14.117.26
2866,Sorton, Rosetta,rsortono1@privacy.gov.au,3.90.26.12
2867,Outram, Alisun,aoutramo2@linkedin.com,45.184.35.222
2868,Ardley, Karina,kardleyo3@rediff.com,216.5.150.87
2869,Drinkel, Von,vdrinkelo4@ebay.com,100.169.109.25
2870,Doumic, Townsend,tdoumico5@cmu.edu,56.217.180.227
2871,Rickeard, Ramsey,rrickeardo6@nps.gov,71.62.155.116
2872,Strippel, Hope,hstrippelo7@microsoft.com,85.17.198.133
2873,Fury, Sheena,sfuryo8@nationalgeographic.com,179.100.70.60
2874,Greenier, Franny,fgreeniero9@nba.com,227.163.174.182
2875,Cheake, Marjie,mcheakeoa@goo.ne.jp,230.39.229.120
2876,Airth, Even,eairthob@reddit.com,228.61.245.133
2877,Brinkman, Emmit,ebrinkmanoc@freewebs.com,209.109.228.46
2879,Palfreman, Juline,jpalfremanoe@digg.com,11.65.87.131
2880,Sargison, Romola,rsargisonof@ted.com,6.85.70.112
2881,Dowdall, Benedicta,bdowdallog@wunderground.com,126.76.227.196
2882,Senn, Doralin,dsennoh@berkeley.edu,73.203.160.153
2883,Pressnell, Margy,mpressnelloi@facebook.com,148.139.145.169
2884,Bourke, Clevey,cbourkeoj@topsy.com,44.87.225.176
2885,Dowderswell, Tonya,tdowderswellok@alibaba.com,191.49.92.183
2886,Adamo, Glynnis,gadamool@free.fr,197.252.114.66
2887,Clapham, Damien,dclaphamom@abc.net.au,45.140.189.202
2888,Cheese, Ario,acheeseon@ocn.ne.jp,158.76.209.99
2889,Gossop, Pattie,pgossopoo@skyrock.com,19.212.51.77
2890,Baytrop, Barr,bbaytropop@uiuc.edu,53.196.120.6
2891,Turford, Hashim,hturfordoq@over-blog.com,39.22.247.177
2892,Bedward, Humberto,hbedwardor@hhs.gov,231.78.95.219
2893,Sonschein, Wilton,wsonscheinos@usda.gov,188.88.188.162
2894,Carlon, Ewan,ecarlonot@google.co.uk,6.119.20.136
2895,Osichev, Prescott,posichevou@thetimes.co.uk,93.155.26.90
2896,Sleite, Gawen,gsleiteov@xrea.com,162.79.30.3
2897,D'Hooge, Sigrid,sdhoogeow@hud.gov,66.211.36.177
2898,Stiff, Obadiah,ostiffox@wsj.com,141.205.239.48
2900,Bernardes, Jules,jbernardesoz@1688.com,126.158.87.234
2901,Toolan, Blisse,btoolanp0@zimbio.com,42.73.132.250
2902,Ambrogelli, Star,sambrogellip1@ovh.net,98.148.78.61
2903,Minshaw, Roxane,rminshawp2@mapy.cz,214.148.198.148
2904,Durdy, Gene,gdurdyp3@clickbank.net,68.201.182.20
2906,Borrell, Obed,oborrellp5@meetup.com,175.182.192.66
2908,Barnfield, Ella,ebarnfieldp7@live.com,234.106.187.105
2910,Slimming, Ilario,islimmingp9@rakuten.co.jp,216.99.180.226
2912,McGillacoell, Stephani,smcgillacoellpb@patch.com,101.178.60.173
2914,Greneham, Clarance,cgrenehampd@amazonaws.com,246.134.86.83
2915,Mattheissen, Locke,lmattheissenpe@buzzfeed.com,46.19.63.152
2916,Clerc, Gusty,gclercpf@liveinternet.ru,206.242.151.149
2917,Weinham, Uriel,uweinhampg@blog.com,45.60.188.217
2918,Eagar, Jania,jeagarph@berkeley.edu,240.217.237.144
2919,Blaze, Aurlie,ablazepi@alibaba.com,29.142.3.32
2920,Sweedy, Audrye,asweedypj@paypal.com,49.86.183.44
2921,Mundford, Erina,emundfordpk@jalbum.net,70.161.210.199
2922,McGiff, Jens,jmcgiffpl@aol.com,171.90.237.140
2924,Gullefant, Kamillah,kgullefantpn@mtv.com,159.152.52.113
2925,Flobert, Janenna,jflobertpo@howstuffworks.com,95.77.52.10
2926,Van Bruggen, Danita,dvanbruggenpp@scientificamerican.com,56.152.93.65
2927,Beardsall, My,mbeardsallpq@wordpress.com,162.223.237.84
2928,Dulson, Mable,mdulsonpr@infoseek.co.jp,255.120.114.23
2929,Scaddon, Gwendolin,gscaddonps@webeden.co.uk,119.204.145.196
2931,Belsey, Rodi,rbelseypu@quantcast.com,162.118.167.199
2932,Galloway, Carlina,cgallowaypv@posterous.com,2.224.207.39
2933,Perassi, Fax,fperassipw@hc360.com,245.188.49.158
2934,Henker, Drake,dhenkerpx@gravatar.com,125.35.109.10
2935,Peyto, Daryl,dpeytopy@ycombinator.com,3.227.242.40
2937,Duddle, Cinda,cduddleq0@skype.com,198.116.181.79
2938,Brodeau, Bart,bbrodeauq1@unesco.org,211.53.228.190
2939,McKenney, Alfonse,amckenneyq2@purevolume.com,184.99.6.226
2940,Redman, Shirlene,sredmanq3@mtv.com,109.210.115.227
2941,Whitta, Jason,jwhittaq4@blogspot.com,116.140.236.210
2942,Broggio, Daveen,dbroggioq5@infoseek.co.jp,19.63.145.20
2943,Alywin, Ashton,aalywinq6@php.net,79.141.45.38
2944,Hacker, Siana,shackerq7@prweb.com,87.214.94.43
2945,Anstis, Kiah,kanstisq8@disqus.com,190.6.37.32
2946,Monte, Charline,cmonteq9@blogger.com,12.231.150.230
2947,Beagan, Roberta,rbeaganqa@zimbio.com,26.94.145.33
2948,Leitch, Jennine,jleitchqb@usnews.com,6.34.163.24
2949,Geeson, Welbie,wgeesonqc@naver.com,61.82.222.145
2950,Pautard, Agnesse,apautardqd@devhub.com,72.52.243.162
2951,Saylor, Constancia,csaylorqe@boston.com,192.47.188.49
2952,Sixsmith, Mavis,msixsmithqf@yahoo.com,49.168.232.204
2953,Gare, Del,dgareqg@biglobe.ne.jp,222.102.50.41
2954,Swaine, Fowler,fswaineqh@edublogs.org,44.70.122.168
2955,Meus, Nanny,nmeusqi@google.com.hk,228.116.118.15
2956,Voyce, Noe,nvoyceqj@ebay.co.uk,79.135.126.178
2957,Arnholtz, Ora,oarnholtzqk@mlb.com,251.204.159.146
2959,Gatus, Rooney,rgatusqm@amazon.com,187.129.232.10
2960,Corbert, Lexy,lcorbertqn@yelp.com,147.155.211.250
2961,Gietz, Jeralee,jgietzqo@dyndns.org,24.46.39.2
2962,Lade, Sigrid,sladeqp@live.com,184.80.169.130
2963,McHarry, Bing,bmcharryqq@hatena.ne.jp,212.104.236.40
2964,Sleep, Christabel,csleepqr@shareasale.com,185.216.111.43
2965,Leipelt, Evangelia,eleipeltqs@dedecms.com,23.15.131.209
2966,Iacobo, Matthias,miacoboqt@thetimes.co.uk,170.176.76.88
2968,Tommis, Nikoletta,ntommisqv@geocities.jp,253.197.11.203
2969,May, Tabb,tmayqw@tripod.com,191.130.47.115
2970,Sansome, Sarajane,ssansomeqx@vinaora.com,105.164.43.187
2971,Bowmen, Louise,lbowmenqy@yelp.com,216.136.12.216
2973,Poad, Jesus,jpoadr0@behance.net,231.208.189.189
2975,Lawranson, Chlo,clawransonr2@google.com.au,172.181.13.172
2976,Veale, Glynnis,gvealer3@washington.edu,168.168.147.134
2977,Martinson, Nerta,nmartinsonr4@yahoo.co.jp,84.160.77.225
2978,Capstack, Maribel,mcapstackr5@meetup.com,62.147.234.98
2979,de Chastelain, Glory,gdechastelainr6@arstechnica.com,251.90.96.26
2980,Romao, Blake,bromaor7@archive.org,191.248.81.255
2981,Nagle, Dita,dnagler8@yolasite.com,216.180.76.196
2983,Denholm, Andie,adenholmra@etsy.com,214.55.52.184
2986,Blaxton, Jard,jblaxtonrd@wp.com,194.70.155.213
2987,Warcup, Diane-marie,dwarcupre@jugem.jp,156.26.11.221
2988,Swann, Hadria,hswannrf@de.vu,56.23.182.87
2989,Fearns, Goldie,gfearnsrg@marriott.com,132.138.17.111
2990,Hurleston, Berti,bhurlestonrh@princeton.edu,202.9.201.92
2992,Nutbrown, Kirsten,knutbrownrj@vk.com,222.7.93.175
2993,Yakovich, Alric,ayakovichrk@imageshack.us,94.6.227.113
2994,Lukianovich, Korry,klukianovichrl@tuttocitta.it,74.1.134.37
2995,Water, L;urette,lwaterrm@meetup.com,91.95.21.246
2996,Clogg, Gisele,gcloggrn@spiegel.de,213.75.39.194
2997,Hemshall, Kevon,khemshallro@cornell.edu,131.47.114.186
2998,Bugge, Hattie,hbuggerp@miibeian.gov.cn,167.118.29.147
2999,Rebert, Derry,drebertrq@diigo.com,245.19.92.182
3000,Petkens, Ivie,ipetkensrr@dailymotion.com,52.125.137.11
