1,Vesty, Melisse,mvesty0@narod.ru,163.121.157.161
2,Sleet, Jeannie,jsleet1@utexas.edu,249.50.56.154
3,O'Kane, Aurie,aokane2@simplemachines.org,15.72.207.183
5,Colthard, Thorny,tcolthard4@webmd.com,187.131.202.220
6,Urion, Lorrayne,lurion5@hubpages.com,209.162.95.83
7,Wigan, Euell,ewigan6@tiny.cc,22.134.178.67
8,Boulter, Violetta,vboulter7@google.it,25.175.206.239
9,Peaple, Bren,bpeaple8@woothemes.com,181.139.233.75
10,Shew, Jeannine,jshew9@discovery.com,64.109.157.55
11,Coode, Lanna,lcoodea@plala.or.jp,235.107.151.144
12,Smithen, Maudie,msmithenb@imdb.com,206.170.164.249
14,Emmanueli, Philis,pemmanuelid@who.int,224.96.172.219
15,Bolt, Merle,mbolte@zdnet.com,64.34.243.100
17,Alchin, Edin,ealching@theguardian.com,180.141.147.235
18,Monard, Noble,nmonardh@opensource.org,213.190.120.193
19,Baison, Fitzgerald,fbaisoni@oracle.com,209.181.218.98
20,Birkenhead, Zorine,zbirkenheadj@hexun.com,100.174.234.193
21,Purseglove, Hinda,hpurseglovek@google.ca,43.5.34.219
23,Dowall, Fergus,fdowallm@pinterest.com,203.114.228.233
24,Haill, Lillian,lhailln@zdnet.com,68.71.86.122
26,Graddon, Egbert,egraddonp@parallels.com,206.152.223.0
27,Splaven, Gussi,gsplavenq@nationalgeographic.com,253.136.95.122
28,Braidley, Cristionna,cbraidleyr@vistaprint.com,252.214.223.176
29,Lingner, Ritchie,rlingners@unesco.org,99.91.87.12
30,Ottee, Analiese,aotteet@vinaora.com,0.223.121.87
31,Mitton, Chrysa,cmittonu@tmall.com,31.50.39.191
32,Valentine, Luce,lvalentinev@t.co,66.237.198.8
33,Sheahan, Donni,dsheahanw@hc360.com,118.51.42.28
35,Dallewater, Barbi,bdallewatery@miitbeian.gov.cn,78.64.59.167
36,Masding, Xenia,xmasdingz@gmpg.org,178.109.162.127
37,Hatter, Micki,mhatter10@tinypic.com,165.87.56.215
38,Tomkinson, Nikolai,ntomkinson11@techcrunch.com,226.162.85.47
39,Tarbard, Keslie,ktarbard12@cbslocal.com,228.19.81.218
40,Hellcat, Wynny,whellcat13@fotki.com,44.15.136.233
42,Rowbotham, Alina,arowbotham15@ftc.gov,31.116.232.241
43,Montilla, Claudio,cmontilla16@google.ru,25.133.166.31
45,Andriveaux, Georges,gandriveaux18@vkontakte.ru,214.52.164.205
46,Nials, Donaugh,dnials19@reuters.com,127.5.188.11
47,Hannaford, Adella,ahannaford1a@godaddy.com,12.6.183.10
48,Yanson, Abbie,ayanson1b@google.cn,122.79.144.17
49,Lamplough, Amandi,alamplough1c@comcast.net,163.81.62.112
50,Partlett, Andra,apartlett1d@linkedin.com,36.90.85.174
51,Nannini, Frannie,fnannini1e@freewebs.com,167.75.72.4
52,Blown, Arin,ablown1f@ning.com,214.122.122.253
53,Patriche, Keriann,kpatriche1g@google.fr,43.197.41.115
54,Champness, Tadd,tchampness1h@discovery.com,87.225.129.105
55,Littrick, Reilly,rlittrick1i@sciencedaily.com,235.15.233.242
56,Gutans, Delores,dgutans1j@goo.ne.jp,60.18.167.118
58,Cridge, Isidor,icridge1l@sbwire.com,19.207.129.87
60,Kegg, Ingeberg,ikegg1n@google.com,215.41.173.239
61,Weal, Robby,rweal1o@homestead.com,187.204.205.68
62,Richten, Quintana,qrichten1p@360.cn,192.56.127.64
63,Alen, Arron,aalen1q@go.com,22.22.229.219
64,Collar, Hasty,hcollar1r@google.de,210.155.55.222
65,Owbridge, Eziechiele,eowbridge1s@yandex.ru,9.73.186.185
66,Kynson, Kayne,kkynson1t@eventbrite.com,154.192.58.22
67,Filipov, Dasya,dfilipov1u@si.edu,248.67.39.221
69,Chapellow, Lea,lchapellow1w@comsenz.com,108.103.85.251
71,Munns, Kippar,kmunns1y@usatoday.com,49.34.50.182
72,Nolte, Amber,anolte1z@twitter.com,23.0.255.125
73,Degue, Hyman,hdegue20@e-recht24.de,91.113.61.242
75,Gallehock, Ruthann,rgallehock22@princeton.edu,77.26.255.60
76,Pye, Ninnetta,npye23@bbb.org,25.191.99.54
77,Kezar, Rafaelia,rkezar24@cargocollective.com,136.211.173.141
78,Hellyer, Lena,lhellyer25@alexa.com,154.26.161.196
79,Wonter, Alberto,awonter26@hhs.gov,139.247.255.67
81,Bamlett, Rosemarie,rbamlett28@chron.com,81.117.254.148
82,Churcher, Salim,schurcher29@pcworld.com,222.22.230.52
83,Gerg, Pattie,pgerg2a@bbb.org,144.241.41.239
84,Bamsey, Marion,mbamsey2b@mediafire.com,165.168.227.215
85,Legister, Cecily,clegister2c@yandex.ru,67.222.133.242
86,Starkings, Frankie,fstarkings2d@cam.ac.uk,172.49.104.188
87,Le Grand, Chaddy,clegrand2e@economist.com,119.46.254.152
88,Stoller, Erwin,estoller2f@mac.com,218.196.182.100
90,Rusk, Susannah,srusk2h@sfgate.com,176.207.253.24
91,Culleford, Grover,gculleford2i@wiley.com,249.159.213.151
92,Creus, Dacey,dcreus2j@purevolume.com,16.120.83.84
93,Scyone, Marion,mscyone2k@clickbank.net,244.194.2.83
95,Pougher, Teri,tpougher2m@barnesandnoble.com,69.75.229.91
96,Grandin, Sharla,sgrandin2n@bluehost.com,132.189.230.4
97,Moxom, Danica,dmoxom2o@4shared.com,249.220.198.171
99,Benneton, Collette,cbenneton2q@mozilla.org,157.162.221.48
100,Suff, Cortney,csuff2r@dyndns.org,172.243.114.139
