id,first_name,last_name,email,gender,ip_address
1,Melisse,Vesty,mvesty0@narod.ru,Genderfluid,163.121.157.161
2,Jeannie,Sleet,jsleet1@utexas.edu,Bigender,249.50.56.154
3,Aurie,O'Kane,aokane2@simplemachines.org,Female,15.72.207.183
4,Cassandra,Danbye,cdanbye3@ted.com,Male,31.71.249.54
5,Thorny,Colthard,tcolthard4@webmd.com,Agender,187.131.202.220
6,Lorrayne,Urion,lurion5@hubpages.com,Polygender,209.162.95.83
7,Euell,Wigan,ewigan6@tiny.cc,Polygender,22.134.178.67
8,Violetta,Boulter,vboulter7@google.it,Genderqueer,25.175.206.239
9,Bren,Peaple,bpeaple8@woothemes.com,Agender,181.139.233.75
10,Jeannine,Shew,jshew9@discovery.com,Agender,64.109.157.55
11,Lanna,Coode,lcoodea@plala.or.jp,Polygender,235.107.151.144
12,Maudie,Smithen,msmithenb@imdb.com,Polygender,206.170.164.249
13,Micheil,McHugh,mmchughc@php.net,Male,199.21.232.121
14,Philis,Emmanueli,pemmanuelid@who.int,Female,224.96.172.219
15,Merle,Bolt,mbolte@zdnet.com,Agender,64.34.243.100
16,Isadora,Dunbobbin,idunbobbinf@google.cn,Male,189.53.99.8
17,Edin,Alchin,ealching@theguardian.com,Polygender,180.141.147.235
18,Noble,Monard,nmonardh@opensource.org,Polygender,213.190.120.193
19,Fitzgerald,Baison,fbaisoni@oracle.com,Agender,209.181.218.98
20,Zorine,Birkenhead,zbirkenheadj@hexun.com,Genderqueer,100.174.234.193
21,Hinda,Purseglove,hpurseglovek@google.ca,Non-binary,43.5.34.219
22,Dania,Sackey,dsackeyl@cnn.com,Male,3.83.128.142
23,Fergus,Dowall,fdowallm@pinterest.com,Bigender,203.114.228.233
24,Lillian,Haill,lhailln@zdnet.com,Genderqueer,68.71.86.122
25,Francisco,Larvin,flarvino@hubpages.com,Male,110.21.9.104
26,Egbert,Graddon,egraddonp@parallels.com,Non-binary,206.152.223.0
27,Gussi,Splaven,gsplavenq@nationalgeographic.com,Agender,253.136.95.122
28,Cristionna,Braidley,cbraidleyr@vistaprint.com,Polygender,252.214.223.176
29,Ritchie,Lingner,rlingners@unesco.org,Genderqueer,99.91.87.12
30,Analiese,Ottee,aotteet@vinaora.com,Agender,0.223.121.87
31,Chrysa,Mitton,cmittonu@tmall.com,Female,31.50.39.191
32,Luce,Valentine,lvalentinev@t.co,Bigender,66.237.198.8
33,Donni,Sheahan,dsheahanw@hc360.com,Non-binary,118.51.42.28
34,Hendrika,Fairholm,hfairholmx@altervista.org,Male,62.6.174.3
35,Barbi,Dallewater,bdallewatery@miitbeian.gov.cn,Genderfluid,78.64.59.167
36,Xenia,Masding,xmasdingz@gmpg.org,Genderqueer,178.109.162.127
37,Micki,Hatter,mhatter10@tinypic.com,Female,165.87.56.215
38,Nikolai,Tomkinson,ntomkinson11@techcrunch.com,Non-binary,226.162.85.47
39,Keslie,Tarbard,ktarbard12@cbslocal.com,Bigender,228.19.81.218
40,Wynny,Hellcat,whellcat13@fotki.com,Polygender,44.15.136.233
41,Galvan,Poat,gpoat14@yahoo.com,Male,229.197.81.89
42,Alina,Rowbotham,arowbotham15@ftc.gov,Bigender,31.116.232.241
43,Claudio,Montilla,cmontilla16@google.ru,Female,25.133.166.31
44,Andria,Ditchburn,aditchburn17@illinois.edu,Male,67.108.158.47
45,Georges,Andriveaux,gandriveaux18@vkontakte.ru,Agender,214.52.164.205
46,Donaugh,Nials,dnials19@reuters.com,Polygender,127.5.188.11
47,Adella,Hannaford,ahannaford1a@godaddy.com,Agender,12.6.183.10
48,Abbie,Yanson,ayanson1b@google.cn,Polygender,122.79.144.17
49,Amandi,Lamplough,alamplough1c@comcast.net,Genderfluid,163.81.62.112
50,Andra,Partlett,apartlett1d@linkedin.com,Genderfluid,36.90.85.174
51,Frannie,Nannini,fnannini1e@freewebs.com,Agender,167.75.72.4
52,Arin,Blown,ablown1f@ning.com,Genderfluid,214.122.122.253
53,Keriann,Patriche,kpatriche1g@google.fr,Agender,43.197.41.115
54,Tadd,Champness,tchampness1h@discovery.com,Female,87.225.129.105
55,Reilly,Littrick,rlittrick1i@sciencedaily.com,Agender,235.15.233.242
56,Delores,Gutans,dgutans1j@goo.ne.jp,Female,60.18.167.118
57,Ollie,Dahlberg,odahlberg1k@wikia.com,Male,139.160.149.20
58,Isidor,Cridge,icridge1l@sbwire.com,Female,19.207.129.87
59,Chev,Steer,csteer1m@4shared.com,Male,106.159.185.139
60,Ingeberg,Kegg,ikegg1n@google.com,Female,215.41.173.239
61,Robby,Weal,rweal1o@homestead.com,Genderfluid,187.204.205.68
62,Quintana,Richten,qrichten1p@360.cn,Bigender,192.56.127.64
63,Arron,Alen,aalen1q@go.com,Genderqueer,22.22.229.219
64,Hasty,Collar,hcollar1r@google.de,Female,210.155.55.222
65,Eziechiele,Owbridge,eowbridge1s@yandex.ru,Non-binary,9.73.186.185
66,Kayne,Kynson,kkynson1t@eventbrite.com,Agender,154.192.58.22
67,Dasya,Filipov,dfilipov1u@si.edu,Bigender,248.67.39.221
68,Thadeus,Dennerly,tdennerly1v@ask.com,Male,77.194.239.80
69,Lea,Chapellow,lchapellow1w@comsenz.com,Female,108.103.85.251
70,Essa,Colleck,ecolleck1x@flavors.me,Male,214.0.11.254
71,Kippar,Munns,kmunns1y@usatoday.com,Agender,49.34.50.182
72,Amber,Nolte,anolte1z@twitter.com,Non-binary,23.0.255.125
73,Hyman,Degue,hdegue20@e-recht24.de,Bigender,91.113.61.242
74,Ardisj,Bonnefin,abonnefin21@earthlink.net,Male,228.247.83.88
75,Ruthann,Gallehock,rgallehock22@princeton.edu,Polygender,77.26.255.60
76,Ninnetta,Pye,npye23@bbb.org,Female,25.191.99.54
77,Rafaelia,Kezar,rkezar24@cargocollective.com,Bigender,136.211.173.141
78,Lena,Hellyer,lhellyer25@alexa.com,Polygender,154.26.161.196
79,Alberto,Wonter,awonter26@hhs.gov,Agender,139.247.255.67
80,Carleen,Pharo,cpharo27@google.pl,Male,178.37.30.97
81,Rosemarie,Bamlett,rbamlett28@chron.com,Polygender,81.117.254.148
82,Salim,Churcher,schurcher29@pcworld.com,Genderqueer,222.22.230.52
83,Pattie,Gerg,pgerg2a@bbb.org,Genderfluid,144.241.41.239
84,Marion,Bamsey,mbamsey2b@mediafire.com,Genderqueer,165.168.227.215
85,Cecily,Legister,clegister2c@yandex.ru,Genderqueer,67.222.133.242
86,Frankie,Starkings,fstarkings2d@cam.ac.uk,Genderqueer,172.49.104.188
87,Chaddy,Le Grand,clegrand2e@economist.com,Non-binary,119.46.254.152
88,Erwin,Stoller,estoller2f@mac.com,Female,218.196.182.100
89,Luke,Blitz,lblitz2g@addtoany.com,Male,30.155.118.74
90,Susannah,Rusk,srusk2h@sfgate.com,Genderfluid,176.207.253.24
91,Grover,Culleford,gculleford2i@wiley.com,Agender,249.159.213.151
92,Dacey,Creus,dcreus2j@purevolume.com,Bigender,16.120.83.84
93,Marion,Scyone,mscyone2k@clickbank.net,Non-binary,244.194.2.83
94,Sharia,Shottin,sshottin2l@fc2.com,Male,35.127.65.140
95,Teri,Pougher,tpougher2m@barnesandnoble.com,Non-binary,69.75.229.91
96,Sharla,Grandin,sgrandin2n@bluehost.com,Female,132.189.230.4
97,Danica,Moxom,dmoxom2o@4shared.com,Non-binary,249.220.198.171
98,Bink,Cunnah,bcunnah2p@odnoklassniki.ru,Male,40.250.118.101
99,Collette,Benneton,cbenneton2q@mozilla.org,Non-binary,157.162.221.48
100,Cortney,Suff,csuff2r@dyndns.org,Genderfluid,172.243.114.139
