id,first_name,last_name,email,gender,ip_address
1101,Renado,Blanpein,rblanpein0@mlb.com,Male,150.191.72.192
1102,Mathias,Attrie,mattrie1@cisco.com,Genderfluid,228.206.201.25
1103,Ros,Wherrit,rwherrit2@cbc.ca,Genderqueer,172.46.191.5
1104,Seward,Londing,slonding3@mapy.cz,Genderfluid,133.173.117.41
1105,Stinky,Gieves,sgieves4@prnewswire.com,Polygender,156.217.181.151
1106,Kenyon,Lippini,klippini5@blinklist.com,Agender,132.118.57.84
1107,Deanna,Smallcombe,dsmallcombe6@slate.com,Polygender,240.116.72.68
1108,Sheffy,Matiasek,smatiasek7@ask.com,Bigender,254.145.139.231
1109,Michaella,Shelmerdine,mshelmerdine8@i2i.jp,Genderqueer,54.127.109.1
1110,Dorthea,Baumadier,dbaumadier9@ustream.tv,Genderqueer,108.162.144.231
1111,Reese,Worboys,rworboysa@ted.com,Agender,192.33.195.136
1112,Parker,Fogt,pfogtb@miitbeian.gov.cn,Polygender,10.59.162.88
1113,Rhianon,MacArte,rmacartec@ehow.com,Non-binary,78.214.172.4
1114,Sarah,Presnell,spresnelld@xrea.com,Bigender,48.110.127.61
1115,Nelie,Ebbens,nebbense@spiegel.de,Genderqueer,55.210.174.159
1116,Maisie,Fink,mfinkf@clickbank.net,Polygender,75.194.249.26
1117,Barbabas,Franc,bfrancg@netvibes.com,Polygender,251.86.82.104
1118,Darrell,Hartless,dhartlessh@uiuc.edu,Genderfluid,23.29.116.237
1119,Basia,Mattiato,bmattiatoi@cnn.com,Agender,22.146.152.16
1120,Dalli,Hedan,dhedanj@t.co,Female,45.144.58.231
1121,Salvador,Sellors,ssellorsk@ocn.ne.jp,Agender,228.6.95.86
1122,Kassia,Gammel,kgammell@wikipedia.org,Agender,122.54.251.133
1123,Wash,Sirett,wsirettm@google.ru,Non-binary,204.24.154.211
1124,Clevie,Mawhinney,cmawhinneyn@yelp.com,Non-binary,50.138.64.66
1125,Ernesto,Sturm,esturmo@blogger.com,Genderqueer,88.9.70.200
1126,Mack,Lodewick,mlodewickp@msn.com,Male,40.107.71.179
1127,Tiffi,McGeffen,tmcgeffenq@apple.com,Genderfluid,165.105.92.105
1128,Rosene,Steffens,rsteffensr@edublogs.org,Non-binary,9.88.187.248
1129,Vidovic,Attride,vattrides@networkadvertising.org,Polygender,56.185.231.25
1130,Denny,Brackstone,dbrackstonet@indiatimes.com,Genderqueer,141.10.70.238
1131,Adrea,Mattiazzo,amattiazzou@pbs.org,Female,27.140.67.228
1132,Isidor,Bricknall,ibricknallv@lulu.com,Bigender,90.52.28.120
1133,Brandice,Cockett,bcockettw@ucla.edu,Polygender,111.125.86.181
1134,Alanah,Dishmon,adishmonx@nasa.gov,Male,155.252.244.252
1135,Carling,Marginson,cmarginsony@desdev.cn,Male,200.168.221.61
1136,Geoffrey,Grills,ggrillsz@mac.com,Genderfluid,182.116.226.140
1137,Jemmy,Prinett,jprinett10@vkontakte.ru,Agender,40.73.229.64
1138,Even,Harold,eharold11@ning.com,Non-binary,253.170.183.130
1139,Anita,Rizzotto,arizzotto12@stumbleupon.com,Female,64.47.54.182
1140,Taylor,Kroger,tkroger13@sphinn.com,Male,58.251.254.154
1141,Rosabella,Paudin,rpaudin14@linkedin.com,Polygender,19.75.8.157
1142,Alana,Sturmey,asturmey15@state.tx.us,Bigender,217.110.141.17
1143,Elie,Elloit,eelloit16@microsoft.com,Polygender,247.76.4.250
1144,Ruthie,Feldharker,rfeldharker17@whitehouse.gov,Genderqueer,82.223.196.14
1145,Ted,Maevela,tmaevela18@cargocollective.com,Genderfluid,170.141.61.148
1146,Elke,Aldrich,ealdrich19@forbes.com,Male,200.137.128.247
1147,Brit,Velde,bvelde1a@google.ca,Genderfluid,49.17.131.135
1148,Evanne,Earengey,eearengey1b@prweb.com,Genderqueer,168.108.252.42
1149,Cameron,Fellowes,cfellowes1c@desdev.cn,Polygender,171.44.125.67
1150,Deana,Baldazzi,dbaldazzi1d@paginegialle.it,Genderfluid,40.29.80.32
1151,Alan,Belli,abelli1e@yahoo.com,Genderfluid,72.183.62.71
1152,Dael,Mattys,dmattys1f@typepad.com,Agender,142.87.212.121
1153,Maxim,Fleming,mfleming1g@vkontakte.ru,Agender,85.177.49.5
1154,Kylie,Castangia,kcastangia1h@microsoft.com,Genderfluid,38.126.113.24
1155,Alfons,Ellcome,aellcome1i@abc.net.au,Polygender,252.127.136.205
1156,Frances,Carsey,fcarsey1j@gravatar.com,Male,17.198.69.229
1157,Beniamino,Frarey,bfrarey1k@illinois.edu,Genderfluid,165.159.156.104
1158,Zeke,Hughson,zhughson1l@smh.com.au,Bigender,137.215.230.52
1159,Caria,Dymidowski,cdymidowski1m@go.com,Polygender,83.228.29.203
1160,Gillan,Bassick,gbassick1n@ustream.tv,Genderfluid,191.188.227.246
1161,Coralie,Brownrigg,cbrownrigg1o@google.de,Genderfluid,65.189.53.196
1162,Davy,Kornousek,dkornousek1p@samsung.com,Bigender,94.37.141.45
1163,Reyna,Goodanew,rgoodanew1q@altervista.org,Polygender,192.244.2.154
1164,Noach,Nials,nnials1r@engadget.com,Male,255.47.45.191
1165,Jess,Ruberti,jruberti1s@youtube.com,Genderfluid,207.6.230.163
1166,Thorstein,Katte,tkatte1t@networkadvertising.org,Agender,126.53.242.152
1167,Gabey,Ruf,gruf1u@uol.com.br,Non-binary,248.87.206.159
1168,Ulric,Trengrouse,utrengrouse1v@macromedia.com,Male,49.198.36.254
1169,Alphonse,Renne,arenne1w@topsy.com,Male,119.143.66.37
1170,Clarisse,Vasquez,cvasquez1x@google.com.hk,Male,95.64.251.253
1171,Judas,Ropars,jropars1y@xrea.com,Polygender,73.13.86.1
1172,Eolanda,Anglim,eanglim1z@aboutads.info,Polygender,130.75.240.31
1173,Astra,Baitson,abaitson20@twitter.com,Agender,49.207.208.128
1174,Sonny,McTurley,smcturley21@typepad.com,Male,63.201.38.227
1175,Dulciana,Brim,dbrim22@mashable.com,Female,184.197.204.177
1176,Kilian,Carrier,kcarrier23@ucla.edu,Female,232.69.111.90
1177,Evelyn,Rove,erove24@chron.com,Polygender,15.240.156.128
1178,Lindon,Caldero,lcaldero25@example.com,Genderqueer,134.251.88.229
1179,Laurent,Lisciandro,llisciandro26@dedecms.com,Male,149.50.228.203
1180,Noel,Gathercole,ngathercole27@cdbaby.com,Polygender,208.85.56.6
1181,Julie,Goodbourn,jgoodbourn28@weebly.com,Bigender,105.198.71.41
1182,Daveen,Yakobovicz,dyakobovicz29@fda.gov,Genderqueer,218.96.225.194
1183,Eldredge,Blackall,eblackall2a@independent.co.uk,Bigender,128.56.29.184
1184,Igor,Goldine,igoldine2b@purevolume.com,Polygender,92.204.97.192
1185,Stirling,Britzius,sbritzius2c@fotki.com,Bigender,86.148.118.180
1186,Rodolfo,Pilling,rpilling2d@bbc.co.uk,Genderqueer,197.38.128.157
1187,Zerk,Ryding,zryding2e@archive.org,Bigender,201.46.229.157
1188,Maryanne,Bushel,mbushel2f@mail.ru,Male,205.77.12.87
1189,Erinna,Knappen,eknappen2g@nsw.gov.au,Genderfluid,223.196.189.8
1190,Eleni,Goldbourn,egoldbourn2h@joomla.org,Non-binary,254.180.117.159
1191,Brenna,Gounod,bgounod2i@sphinn.com,Genderqueer,95.188.68.247
1192,Kennan,Andreasson,kandreasson2j@addthis.com,Female,246.90.84.207
1193,Cassie,Claxton,cclaxton2k@ocn.ne.jp,Agender,133.127.215.168
1194,Dallon,Cubbon,dcubbon2l@delicious.com,Genderqueer,177.99.113.63
1195,Hettie,Coultas,hcoultas2m@phpbb.com,Genderfluid,183.193.99.195
1196,Bradly,Jasik,bjasik2n@nbcnews.com,Bigender,219.52.96.211
1197,Iris,Partner,ipartner2o@mayoclinic.com,Female,26.230.161.224
1198,Tabbie,Caird,tcaird2p@salon.com,Non-binary,148.101.93.147
1199,Jeniece,Conley,jconley2q@hhs.gov,Bigender,148.152.117.174
1200,Aindrea,Dumpleton,adumpleton2r@fema.gov,Non-binary,172.129.153.51
1201,Garv,McAdam,gmcadam2s@themeforest.net,Non-binary,57.42.119.56
1202,Florian,Derkes,fderkes2t@cocolog-nifty.com,Polygender,113.0.30.68
1203,Brittani,Farrall,bfarrall2u@mozilla.com,Female,56.80.51.238
1204,Naomi,Devigne,ndevigne2v@linkedin.com,Genderfluid,21.97.186.184
1205,Gene,McCaskell,gmccaskell2w@imdb.com,Female,238.56.147.175
1206,Ranee,Dehn,rdehn2x@soundcloud.com,Bigender,50.190.21.113
1207,Gallard,Dubock,gdubock2y@hao123.com,Female,219.237.10.184
1208,Joscelin,Scottesmoor,jscottesmoor2z@arizona.edu,Genderfluid,80.50.247.25
1209,Nikolaus,O'Doogan,nodoogan30@miibeian.gov.cn,Polygender,133.20.105.228
1210,Vladimir,Sharpin,vsharpin31@github.io,Genderqueer,50.119.116.247
1211,Ailyn,Gore,agore32@sciencedirect.com,Genderfluid,102.247.12.9
1212,Piotr,Kauffman,pkauffman33@123-reg.co.uk,Polygender,64.184.122.234
1213,Paige,Laverenz,plaverenz34@google.cn,Non-binary,225.167.189.167
1214,Viva,Misselbrook,vmisselbrook35@g.co,Non-binary,214.160.4.86
1215,Gerry,Craigheid,gcraigheid36@gnu.org,Genderqueer,134.21.173.97
1216,Worden,Duckham,wduckham37@wufoo.com,Polygender,231.223.15.81
1217,Sonia,McCoy,smccoy38@ox.ac.uk,Female,158.118.64.59
1218,Franky,Purshouse,fpurshouse39@forbes.com,Genderfluid,248.78.170.33
1219,Phyllis,Garthshore,pgarthshore3a@jiathis.com,Male,205.6.50.54
1220,Morissa,Fretter,mfretter3b@slashdot.org,Bigender,187.34.91.247
1221,Dael,Lehmann,dlehmann3c@fotki.com,Non-binary,171.106.201.30
1222,Selby,Horlick,shorlick3d@msu.edu,Genderqueer,170.182.9.40
1223,Lin,Galia,lgalia3e@odnoklassniki.ru,Female,43.80.192.76
1224,Myron,Arbuckle,marbuckle3f@discuz.net,Bigender,47.103.35.135
1225,Phylys,Pollok,ppollok3g@reverbnation.com,Female,2.231.180.46
1226,Rhianon,Cudd,rcudd3h@addthis.com,Male,218.58.68.42
1227,Florie,Izaks,fizaks3i@cafepress.com,Non-binary,144.13.59.81
1228,Marlie,Spincke,mspincke3j@mediafire.com,Genderqueer,183.156.41.71
1229,Kristi,Real,kreal3k@nytimes.com,Bigender,145.245.15.161
1230,Wilhelm,Wines,wwines3l@vimeo.com,Female,100.191.19.235
1231,Joellen,Troake,jtroake3m@google.cn,Bigender,15.107.221.98
1232,Nadine,Gooderick,ngooderick3n@sakura.ne.jp,Polygender,95.196.120.164
1233,Early,MacEnelly,emacenelly3o@comsenz.com,Female,108.116.74.57
1234,Rodi,Eadmead,readmead3p@arstechnica.com,Female,69.22.83.255
1235,Werner,Melbourne,wmelbourne3q@sogou.com,Male,121.59.191.81
1236,Kevan,Blampied,kblampied3r@sakura.ne.jp,Genderqueer,38.171.44.58
1237,Sumner,Sukbhans,ssukbhans3s@blogger.com,Genderqueer,19.49.150.213
1238,Gaston,Segar,gsegar3t@stanford.edu,Bigender,130.174.158.107
1239,Burgess,Lacrouts,blacrouts3u@parallels.com,Non-binary,211.105.40.22
1240,Domeniga,Leuchars,dleuchars3v@ca.gov,Male,217.59.10.230
1241,Ninetta,Kos,nkos3w@patch.com,Male,138.15.97.168
1242,Thorsten,Gilburt,tgilburt3x@webmd.com,Polygender,216.40.139.126
1243,Ruthe,Dronsfield,rdronsfield3y@chron.com,Agender,22.228.217.138
1244,Nigel,Piatek,npiatek3z@jiathis.com,Polygender,128.54.148.77
1245,Lanie,Jacke,ljacke40@gizmodo.com,Genderfluid,253.246.183.25
1246,Merrill,Jenman,mjenman41@hostgator.com,Bigender,56.156.161.59
1247,Jacqueline,Hoofe,jhoofe42@cnbc.com,Polygender,46.142.16.224
1248,Kleon,Harsum,kharsum43@i2i.jp,Female,251.191.111.196
1249,Burl,Worland,bworland44@tripadvisor.com,Agender,43.66.9.142
1250,Theressa,Tinton,ttinton45@opensource.org,Genderqueer,16.252.1.158
1251,Ruthann,Sabbin,rsabbin46@edublogs.org,Bigender,253.160.56.131
1252,Darrelle,Bennie,dbennie47@meetup.com,Agender,168.247.20.46
1253,Cristy,Reeve,creeve48@sphinn.com,Genderfluid,48.240.29.183
1254,Rozamond,Golton,rgolton49@smh.com.au,Polygender,240.154.102.79
1255,Orelie,Verlander,overlander4a@163.com,Genderqueer,102.178.176.39
1256,Creigh,Eady,ceady4b@noaa.gov,Female,112.120.176.8
1257,Olly,Sowman,osowman4c@furl.net,Bigender,20.1.252.68
1258,Aaron,Kinahan,akinahan4d@constantcontact.com,Polygender,88.249.18.99
1259,Domingo,Oldam,doldam4e@narod.ru,Bigender,216.89.16.230
1260,Winston,Hebard,whebard4f@who.int,Non-binary,95.218.63.236
1261,Nana,Glowacz,nglowacz4g@google.ca,Polygender,212.41.23.219
1262,Gussie,Rucklesse,grucklesse4h@de.vu,Agender,98.31.147.239
1263,Brannon,Threadgold,bthreadgold4i@google.co.jp,Bigender,198.36.96.146
1264,Wilhelmina,Rees,wrees4j@spotify.com,Agender,113.65.120.2
1265,Judith,Lerhinan,jlerhinan4k@bloomberg.com,Agender,138.43.219.205
1266,Michale,Childs,mchilds4l@bing.com,Polygender,169.136.44.31
1267,Tish,Gissop,tgissop4m@people.com.cn,Genderqueer,242.97.96.6
1268,Lily,Woodroof,lwoodroof4n@google.fr,Agender,8.143.181.215
1269,Ynez,Itter,yitter4o@examiner.com,Agender,232.56.182.118
1270,Abbie,Schiesterl,aschiesterl4p@pagesperso-orange.fr,Female,155.147.103.45
1271,Hannah,Mor,hmor4q@un.org,Genderqueer,133.111.89.150
1272,Aryn,Nabarro,anabarro4r@sun.com,Non-binary,221.138.89.209
1273,Tersina,Allso,tallso4s@businessinsider.com,Genderqueer,158.187.86.18
1274,Cly,Rodenburg,crodenburg4t@netscape.com,Non-binary,201.107.206.201
1275,Theresina,Swaden,tswaden4u@reddit.com,Bigender,101.47.205.132
1276,Laryssa,Brandt,lbrandt4v@google.cn,Genderfluid,228.73.59.57
1277,Fidole,Rosenshine,frosenshine4w@uol.com.br,Agender,244.48.194.168
1278,Birgitta,Birdsey,bbirdsey4x@hao123.com,Polygender,188.56.68.4
1279,Konstanze,Culter,kculter4y@comsenz.com,Agender,109.225.231.187
1280,Jaclin,Haacker,jhaacker4z@prweb.com,Female,18.67.206.159
1281,Zonda,Newlands,znewlands50@gmpg.org,Bigender,154.21.153.136
1282,Eleanora,Kinghorne,ekinghorne51@tumblr.com,Bigender,72.185.192.152
1283,Lilla,Coldrick,lcoldrick52@linkedin.com,Polygender,251.182.221.1
1284,Vick,Fetterplace,vfetterplace53@histats.com,Agender,126.72.2.121
1285,Izzy,Thirlwell,ithirlwell54@sphinn.com,Male,197.126.173.248
1286,Fritz,Petrov,fpetrov55@ask.com,Genderqueer,82.163.227.113
1287,Kahaleel,Boud,kboud56@canalblog.com,Genderqueer,242.228.137.49
1288,Harald,Brownscombe,hbrownscombe57@twitpic.com,Bigender,194.171.98.211
1289,Myra,Ringrose,mringrose58@1688.com,Bigender,122.148.107.227
1290,Desmund,Philpault,dphilpault59@ustream.tv,Agender,38.254.201.187
1291,Jessee,Wimlet,jwimlet5a@gmpg.org,Bigender,246.177.113.239
1292,Briant,Tarply,btarply5b@japanpost.jp,Male,156.108.138.63
1293,Nari,Osipenko,nosipenko5c@mayoclinic.com,Agender,5.90.82.183
1294,Perrine,Avory,pavory5d@disqus.com,Female,97.3.156.149
1295,Fields,Pepis,fpepis5e@opensource.org,Genderfluid,141.177.143.56
1296,Taylor,De Castri,tdecastri5f@unesco.org,Genderfluid,18.243.53.169
1297,Elga,MacPike,emacpike5g@bloomberg.com,Genderfluid,15.156.189.149
1298,Byrle,Mitchel,bmitchel5h@archive.org,Male,174.41.222.157
1299,Antonella,Remirez,aremirez5i@seesaa.net,Male,49.189.180.197
1300,Stormie,Greenhalgh,sgreenhalgh5j@goo.ne.jp,Female,36.171.86.91
1301,Peria,Bemrose,pbemrose5k@imageshack.us,Genderfluid,114.218.210.7
1302,Darryl,Martignoni,dmartignoni5l@cbc.ca,Female,143.50.59.183
1303,Petronella,Corlett,pcorlett5m@msn.com,Female,77.35.175.38
1304,Shirlee,Nemchinov,snemchinov5n@europa.eu,Non-binary,26.228.121.208
1305,Corbet,Crotty,ccrotty5o@pcworld.com,Bigender,212.110.87.74
1306,Carol-jean,Van Oord,cvanoord5p@umn.edu,Genderfluid,128.231.248.208
1307,Arlena,Brownett,abrownett5q@cyberchimps.com,Bigender,17.210.48.16
1308,Ardisj,Huckett,ahuckett5r@hatena.ne.jp,Non-binary,187.6.44.236
1309,Derward,Hallard,dhallard5s@usnews.com,Genderqueer,185.73.194.25
1310,Kiah,Wigan,kwigan5t@squarespace.com,Genderfluid,77.33.73.223
1311,Wylie,Merryfield,wmerryfield5u@netscape.com,Bigender,62.145.128.78
1312,Violante,Frick,vfrick5v@imageshack.us,Agender,45.73.12.135
1313,Rona,Muccino,rmuccino5w@nih.gov,Bigender,110.232.38.194
1314,Kira,Seeler,kseeler5x@tumblr.com,Polygender,108.126.86.43
1315,Piotr,Chaman,pchaman5y@google.cn,Female,211.67.128.3
1316,Rodrigo,Brooksbank,rbrooksbank5z@histats.com,Genderqueer,90.6.245.127
1317,Stephani,Bowskill,sbowskill60@squarespace.com,Female,148.87.233.87
1318,Dominga,Rosenhaupt,drosenhaupt61@hibu.com,Genderqueer,23.219.147.205
1319,Cyril,Kilban,ckilban62@ted.com,Polygender,148.114.117.188
1320,Kristina,Merill,kmerill63@google.de,Polygender,141.166.241.26
1321,Malvin,Dellenbrook,mdellenbrook64@xrea.com,Non-binary,198.93.166.34
1322,Fidelia,Dowden,fdowden65@twitpic.com,Polygender,211.214.61.229
1323,Enrika,Bierman,ebierman66@com.com,Genderfluid,163.86.153.145
1324,Bartel,Joutapaitis,bjoutapaitis67@issuu.com,Agender,208.74.254.154
1325,Claiborne,Jacqueme,cjacqueme68@omniture.com,Genderfluid,242.191.201.237
1326,Milo,Gounot,mgounot69@irs.gov,Agender,80.59.79.35
1327,Hurley,Dunster,hdunster6a@friendfeed.com,Bigender,122.41.208.238
1328,Tremayne,Harefoot,tharefoot6b@shareasale.com,Male,193.183.237.77
1329,Leila,Cluatt,lcluatt6c@furl.net,Male,223.13.41.125
1330,Georgeanna,Wookey,gwookey6d@wisc.edu,Non-binary,131.203.28.253
1331,Johannes,Humphery,jhumphery6e@sphinn.com,Genderfluid,58.223.60.91
1332,Bonni,Dainter,bdainter6f@google.fr,Genderfluid,243.244.181.164
1333,Stevena,Bethell,sbethell6g@shareasale.com,Male,123.71.155.31
1334,Anabel,Albiston,aalbiston6h@google.nl,Non-binary,36.224.165.202
1335,Adria,Tollfree,atollfree6i@boston.com,Genderfluid,208.163.158.111
1336,Emlen,Jinda,ejinda6j@live.com,Non-binary,222.167.122.10
1337,Skelly,Olive,solive6k@stanford.edu,Agender,177.11.230.79
1338,Caressa,Silverthorn,csilverthorn6l@merriam-webster.com,Agender,63.189.27.73
1339,Reeva,Glossup,rglossup6m@imdb.com,Genderqueer,60.87.179.106
1340,Tobin,Lydon,tlydon6n@nih.gov,Bigender,170.198.9.77
1341,Ailis,Wadeson,awadeson6o@state.tx.us,Polygender,195.20.208.240
1342,Halette,Wallenger,hwallenger6p@pen.io,Agender,84.81.32.75
1343,Vernen,Bendare,vbendare6q@4shared.com,Non-binary,125.41.235.70
1344,Salem,Goakes,sgoakes6r@unicef.org,Female,154.208.3.239
1345,Abagael,MacCoughen,amaccoughen6s@posterous.com,Polygender,210.174.205.188
1346,Isahella,Fernley,ifernley6t@list-manage.com,Non-binary,187.15.174.200
1347,Zacharia,Capinetti,zcapinetti6u@un.org,Genderfluid,40.199.210.54
1348,Roderic,Craydon,rcraydon6v@mozilla.com,Genderqueer,141.255.6.240
1349,Genovera,Keneford,gkeneford6w@xrea.com,Agender,128.130.32.29
1350,Eadith,Fison,efison6x@a8.net,Male,249.25.135.125
1351,Gertruda,Sowthcote,gsowthcote6y@hexun.com,Bigender,115.98.249.189
1352,Sonni,Archbold,sarchbold6z@nyu.edu,Genderfluid,235.175.108.253
1353,Klarrisa,Lermouth,klermouth70@smh.com.au,Male,193.242.6.182
1354,Olenka,Salkild,osalkild71@vimeo.com,Male,98.109.186.89
1355,Rik,Mayhow,rmayhow72@harvard.edu,Polygender,123.238.82.2
1356,Perry,O'Crotty,pocrotty73@xrea.com,Agender,131.49.224.232
1357,Layney,Daubeny,ldaubeny74@skype.com,Polygender,102.154.111.106
1358,Felicdad,Stallan,fstallan75@nasa.gov,Agender,16.65.13.139
1359,Halley,Airth,hairth76@admin.ch,Female,114.189.242.100
1360,Gabriell,How,ghow77@feedburner.com,Bigender,7.26.242.28
1361,Tobe,Du Fray,tdufray78@oracle.com,Agender,47.182.239.40
1362,Amara,Marcome,amarcome79@elegantthemes.com,Non-binary,206.240.250.15
1363,Betteann,Rosita,brosita7a@si.edu,Genderqueer,107.141.145.143
1364,Karlie,Eardley,keardley7b@squarespace.com,Genderqueer,163.141.158.129
1365,King,O'Nowlan,konowlan7c@blog.com,Bigender,220.27.177.159
1366,Sheree,Bonnette,sbonnette7d@desdev.cn,Non-binary,65.159.80.92
1367,Kelcie,Carden,kcarden7e@usda.gov,Agender,44.60.141.16
1368,Aimee,Jozwicki,ajozwicki7f@surveymonkey.com,Non-binary,230.30.177.233
1369,Ambrose,Bugler,abugler7g@desdev.cn,Genderqueer,113.126.163.166
1370,Bridie,Verbruggen,bverbruggen7h@hexun.com,Genderfluid,101.144.218.178
1371,Brent,McPolin,bmcpolin7i@photobucket.com,Non-binary,123.104.126.19
1372,Sigvard,Castagnone,scastagnone7j@scribd.com,Female,166.126.11.246
1373,Suzann,Darcy,sdarcy7k@zimbio.com,Polygender,158.237.225.248
1374,Karel,O'Dunniom,kodunniom7l@sphinn.com,Polygender,145.241.68.84
1375,Eddy,Macura,emacura7m@last.fm,Non-binary,136.176.10.178
1376,Carry,Iozefovich,ciozefovich7n@scribd.com,Agender,43.94.46.231
1377,Bendite,Noods,bnoods7o@nifty.com,Female,53.36.91.130
1378,Darlene,Smeuin,dsmeuin7p@answers.com,Bigender,188.119.117.184
1379,Joshuah,Trevers,jtrevers7q@cdc.gov,Non-binary,137.108.26.36
1380,Thorndike,Baldry,tbaldry7r@yellowpages.com,Female,45.110.220.65
1381,Clem,Jacop,cjacop7s@mac.com,Genderfluid,71.74.50.95
1382,Emmott,Collison,ecollison7t@redcross.org,Agender,161.219.187.47
1383,Indira,McOmish,imcomish7u@stumbleupon.com,Female,128.145.124.182
1384,Johanna,Breens,jbreens7v@independent.co.uk,Bigender,145.205.106.20
1385,Nickey,Giacobazzi,ngiacobazzi7w@dell.com,Agender,203.241.30.226
1386,Tiffie,Mantram,tmantram7x@ocn.ne.jp,Non-binary,78.59.76.118
1387,Ravi,Skaif,rskaif7y@xrea.com,Female,216.169.3.88
1388,Neille,Vedenyapin,nvedenyapin7z@t.co,Agender,3.149.138.113
1389,El,Highnam,ehighnam80@xing.com,Non-binary,12.29.226.81
1390,Bartram,Polon,bpolon81@topsy.com,Non-binary,28.243.174.191
1391,Tiebold,Pilipets,tpilipets82@ow.ly,Bigender,11.60.226.24
1392,Amelie,Henkmann,ahenkmann83@cocolog-nifty.com,Genderqueer,165.243.201.36
1393,Denise,Rahill,drahill84@macromedia.com,Male,35.43.220.46
1394,Faunie,Gwioneth,fgwioneth85@macromedia.com,Male,108.208.94.223
1395,Mayer,Youhill,myouhill86@homestead.com,Genderfluid,166.28.194.175
1396,Toddy,Dutton,tdutton87@discovery.com,Genderqueer,147.84.63.240
1397,Hephzibah,Jaffrey,hjaffrey88@theatlantic.com,Genderqueer,117.130.253.19
1398,Broderick,Meneyer,bmeneyer89@hostgator.com,Genderfluid,157.148.231.219
1399,Hadria,Caraher,hcaraher8a@discovery.com,Agender,75.53.41.193
1400,Marve,Gilbeart,mgilbeart8b@cdbaby.com,Non-binary,203.185.28.2
1401,Barth,Tawse,btawse8c@kickstarter.com,Male,15.245.153.124
1402,Brinna,Gentsch,bgentsch8d@ameblo.jp,Genderfluid,57.114.162.130
1403,Moises,Gosselin,mgosselin8e@google.es,Polygender,223.33.145.218
1404,Tootsie,Minchenton,tminchenton8f@icio.us,Bigender,155.192.61.186
1405,Sheffie,Espada,sespada8g@edublogs.org,Polygender,165.220.243.63
1406,Javier,Teape,jteape8h@sakura.ne.jp,Female,18.251.78.135
1407,Arch,Bussens,abussens8i@taobao.com,Non-binary,80.120.198.76
1408,Talbot,Parish,tparish8j@trellian.com,Bigender,156.41.2.243
1409,Devlen,Robillart,drobillart8k@hubpages.com,Genderfluid,111.232.145.58
1410,Meredith,Tame,mtame8l@godaddy.com,Non-binary,200.146.13.253
1411,Osgood,Romera,oromera8m@edublogs.org,Female,58.20.250.62
1412,Lavina,Tutchener,ltutchener8n@geocities.com,Non-binary,127.176.5.39
1413,Tiff,Hush,thush8o@uol.com.br,Non-binary,142.197.25.198
1414,Emelda,Bister,ebister8p@mit.edu,Bigender,195.107.212.123
1415,Lothario,Goburn,lgoburn8q@bloglovin.com,Bigender,62.243.134.199
1416,Lissi,Piper,lpiper8r@examiner.com,Genderfluid,255.183.192.212
1417,Maureen,Hassen,mhassen8s@live.com,Genderqueer,224.48.127.149
1418,Anthony,Dyde,adyde8t@uol.com.br,Female,18.13.238.178
1419,Jewel,Wakeley,jwakeley8u@arizona.edu,Male,225.255.220.169
1420,Franny,Rainer,frainer8v@friendfeed.com,Genderfluid,252.196.27.88
1421,Bellanca,Tillman,btillman8w@cornell.edu,Polygender,101.7.131.119
1422,Yorke,Greenleaf,ygreenleaf8x@yellowpages.com,Genderfluid,6.31.41.164
1423,Chrystal,Greader,cgreader8y@skype.com,Agender,53.66.61.81
1424,Nicolle,Killelay,nkillelay8z@google.pl,Polygender,48.19.222.201
1425,Marilee,Sandever,msandever90@cpanel.net,Female,236.211.9.149
1426,Olav,O'Cahill,oocahill91@techcrunch.com,Genderqueer,88.201.231.186
1427,Curtice,Zaple,czaple92@drupal.org,Genderqueer,231.90.253.145
1428,Sayer,Walasik,swalasik93@opera.com,Agender,215.202.125.188
1429,Dermot,Gulliford,dgulliford94@apple.com,Genderqueer,125.181.15.95
1430,Marlow,Gutsell,mgutsell95@freewebs.com,Bigender,205.188.236.211
1431,Leland,Fanning,lfanning96@sitemeter.com,Bigender,0.44.142.58
1432,Sharon,Frensche,sfrensche97@deviantart.com,Non-binary,213.153.66.254
1433,Ebonee,Dawes,edawes98@statcounter.com,Female,221.135.81.74
1434,Huey,Cuerdale,hcuerdale99@stumbleupon.com,Non-binary,202.185.11.93
1435,Dasha,Theodore,dtheodore9a@ovh.net,Genderfluid,144.227.191.66
1436,Leah,Sherratt,lsherratt9b@g.co,Bigender,8.159.86.98
1437,Martelle,Slogrove,mslogrove9c@nsw.gov.au,Genderqueer,143.40.137.162
1438,Ruthe,Scholig,rscholig9d@squarespace.com,Bigender,44.30.2.167
1439,Ailsun,Langham,alangham9e@opensource.org,Agender,131.32.221.25
1440,Nerta,Meale,nmeale9f@vk.com,Agender,34.96.45.180
1441,Keir,Abbis,kabbis9g@pcworld.com,Polygender,32.203.52.145
1442,Amory,Andrassy,aandrassy9h@purevolume.com,Non-binary,192.0.210.136
1443,Auria,Colly,acolly9i@columbia.edu,Genderqueer,114.165.87.79
1444,Merlina,MacCard,mmaccard9j@nydailynews.com,Genderfluid,226.50.141.193
1445,Dunstan,Daice,ddaice9k@clickbank.net,Genderfluid,188.62.184.159
1446,Stavro,Hampshire,shampshire9l@cmu.edu,Genderfluid,220.23.174.233
1447,Winnah,Sannes,wsannes9m@ucoz.ru,Non-binary,153.72.157.9
1448,Ramona,Maudlin,rmaudlin9n@hibu.com,Male,209.159.27.158
1449,Kristos,Kemp,kkemp9o@sourceforge.net,Genderfluid,159.224.78.172
1450,Esmaria,Exrol,eexrol9p@last.fm,Bigender,214.60.214.38
1451,Marinna,Iddon,middon9q@homestead.com,Bigender,53.231.121.113
1452,Anastasie,Parcall,aparcall9r@nsw.gov.au,Agender,108.99.105.210
1453,Glen,Mathet,gmathet9s@ask.com,Female,162.12.73.151
1454,Hattie,Wigfall,hwigfall9t@pagesperso-orange.fr,Genderqueer,73.179.43.104
1455,Torin,Pankethman,tpankethman9u@oakley.com,Bigender,31.168.50.201
1456,Dorolisa,Willas,dwillas9v@sciencedaily.com,Genderfluid,130.86.128.48
1457,Prudi,Mason,pmason9w@lulu.com,Female,235.14.194.48
1458,Penrod,Egerton,pegerton9x@delicious.com,Bigender,221.205.81.240
1459,Coleen,Iwanowicz,ciwanowicz9y@fema.gov,Genderqueer,227.155.96.67
1460,Loria,Fairhead,lfairhead9z@harvard.edu,Genderfluid,53.99.239.250
1461,Guillemette,Stiger,gstigera0@xinhuanet.com,Bigender,109.91.162.113
1462,Grayce,Jillis,gjillisa1@hubpages.com,Female,59.163.25.193
1463,Sophronia,Cessford,scessforda2@techcrunch.com,Non-binary,177.24.139.35
1464,Jeromy,Pygott,jpygotta3@macromedia.com,Agender,207.202.69.27
1465,Denice,Bielfeldt,dbielfeldta4@tripod.com,Male,10.225.80.108
1466,Jeffrey,Franek,jfraneka5@go.com,Agender,252.20.160.102
1467,Win,MacAndreis,wmacandreisa6@fastcompany.com,Bigender,166.187.131.7
1468,Marrilee,Maraga,mmaragaa7@java.com,Genderfluid,243.145.40.254
1469,Laurie,Wilton,lwiltona8@hubpages.com,Polygender,43.199.43.101
1470,Calvin,Stidson,cstidsona9@elpais.com,Genderqueer,150.250.1.226
1471,Chrissy,Skermer,cskermeraa@technorati.com,Male,35.193.82.80
1472,Doti,Pietruschka,dpietruschkaab@cbslocal.com,Agender,56.211.111.14
1473,Calypso,Stern,csternac@java.com,Female,189.86.180.134
1474,Valerie,Lynett,vlynettad@ning.com,Non-binary,166.239.200.34
1475,Burt,Brunsdon,bbrunsdonae@rakuten.co.jp,Polygender,176.3.227.185
1476,Charity,Winstanley,cwinstanleyaf@jigsy.com,Genderqueer,234.0.163.160
1477,Gwynne,Stoak,gstoakag@php.net,Male,225.20.103.145
1478,Rea,Scotford,rscotfordah@rakuten.co.jp,Genderqueer,138.144.103.69
1479,Amanda,Smellie,asmellieai@usatoday.com,Male,74.91.16.34
1480,Carter,Kemmer,ckemmeraj@miitbeian.gov.cn,Polygender,87.123.150.106
1481,Agosto,Clarson,aclarsonak@examiner.com,Genderqueer,74.164.44.223
1482,Jay,MacInnes,jmacinnesal@reverbnation.com,Genderfluid,41.94.239.230
1483,Jakie,Mugleston,jmuglestonam@blinklist.com,Male,200.109.111.139
1484,Iolanthe,Gorton,igortonan@mit.edu,Polygender,209.141.0.12
1485,Grata,Haselden,ghaseldenao@ftc.gov,Genderqueer,101.186.48.254
1486,Agnella,Hordle,ahordleap@arizona.edu,Bigender,234.57.13.65
1487,Pearle,Middleweek,pmiddleweekaq@theglobeandmail.com,Polygender,78.139.184.77
1488,Carole,Whittam,cwhittamar@opera.com,Bigender,69.184.118.54
1489,Clementine,Emblin,cemblinas@acquirethisname.com,Male,188.130.41.2
1490,Terrie,Mullord,tmullordat@lulu.com,Bigender,164.100.3.68
1491,Raina,Ephson,rephsonau@purevolume.com,Genderqueer,2.136.158.104
1492,Nadine,Sacker,nsackerav@noaa.gov,Genderqueer,11.203.154.183
1493,Eldredge,Duigenan,eduigenanaw@prlog.org,Genderfluid,58.25.240.146
1494,Davine,Cross,dcrossax@rambler.ru,Polygender,33.45.82.234
1495,Colver,Eccott,ceccottay@loc.gov,Polygender,146.249.55.218
1496,Trefor,Cowing,tcowingaz@dedecms.com,Female,240.77.216.172
1497,Kristine,Vater,kvaterb0@theguardian.com,Non-binary,201.66.141.157
1498,Cathi,Brumby,cbrumbyb1@smh.com.au,Male,49.251.33.94
1499,Tucker,Sendley,tsendleyb2@tinypic.com,Genderfluid,68.36.21.209
1500,Paulie,Antonchik,pantonchikb3@ustream.tv,Genderqueer,132.68.10.70
1501,Huntley,Olander,holanderb4@about.me,Male,60.191.79.42
1502,Farra,Boreland,fborelandb5@wufoo.com,Genderqueer,160.173.107.36
1503,Layton,Lawlie,llawlieb6@nbcnews.com,Female,199.55.122.226
1504,Shara,Charity,scharityb7@livejournal.com,Male,97.222.78.5
1505,Shell,Antonich,santonichb8@yelp.com,Bigender,37.231.221.211
1506,Callie,Pitford,cpitfordb9@home.pl,Polygender,158.127.30.100
1507,Damian,Charnick,dcharnickba@mapquest.com,Male,242.42.28.141
1508,Meggie,Gammet,mgammetbb@meetup.com,Male,250.181.50.253
1509,Cristobal,Humpherston,chumpherstonbc@sina.com.cn,Non-binary,39.95.134.205
1510,Felic,Whittam,fwhittambd@abc.net.au,Bigender,26.151.24.247
1511,Dare,Omrod,domrodbe@reuters.com,Agender,111.125.77.214
1512,Myrilla,Coltart,mcoltartbf@pagesperso-orange.fr,Genderfluid,120.28.129.239
1513,Saree,Gatteridge,sgatteridgebg@vinaora.com,Polygender,168.0.212.251
1514,Thomasa,Sotheby,tsothebybh@mapy.cz,Female,164.251.107.201
1515,Sheelah,Start,sstartbi@nba.com,Agender,96.124.36.42
1516,Karlens,Pesek,kpesekbj@cdbaby.com,Genderfluid,103.155.71.247
1517,Angus,Moses,amosesbk@vk.com,Agender,3.240.224.34
1518,Nefen,Romeril,nromerilbl@adobe.com,Genderqueer,21.115.187.180
1519,Bobette,Klemps,bklempsbm@desdev.cn,Bigender,123.185.228.125
1520,Belva,Cornelius,bcorneliusbn@icq.com,Bigender,10.60.253.190
1521,Stefano,Ottosen,sottosenbo@toplist.cz,Genderqueer,113.238.198.4
1522,Hermy,Andretti,handrettibp@4shared.com,Polygender,204.195.99.212
1523,Annmaria,Kobierski,akobierskibq@hud.gov,Agender,118.55.243.5
1524,Gracie,Sutherington,gsutheringtonbr@springer.com,Polygender,196.12.216.225
1525,Corbet,Sheepy,csheepybs@indiatimes.com,Agender,241.61.13.64
1526,Valina,Wennington,vwenningtonbt@com.com,Male,247.249.207.112
1527,Inigo,Beahan,ibeahanbu@ehow.com,Genderfluid,249.170.49.81
1528,Otho,Rolance,orolancebv@blogger.com,Female,205.7.24.242
1529,Conant,Dunge,cdungebw@about.me,Genderqueer,49.30.33.254
1530,Morly,Prescott,mprescottbx@desdev.cn,Bigender,129.203.134.249
1531,Lanna,Fishburn,lfishburnby@ucla.edu,Female,239.20.215.98
1532,Ludovika,Wainscot,lwainscotbz@webs.com,Bigender,198.78.159.26
1533,Modestia,Le Monnier,mlemonnierc0@nbcnews.com,Bigender,214.235.253.105
1534,Tracie,Hubeaux,thubeauxc1@shop-pro.jp,Agender,20.186.100.26
1535,Erasmus,Leftley,eleftleyc2@ed.gov,Female,156.222.50.221
1536,Ezequiel,Cutbush,ecutbushc3@ezinearticles.com,Genderfluid,191.80.146.43
1537,Jacinda,McAusland,jmcauslandc4@vimeo.com,Agender,228.111.35.114
1538,Zollie,Humphries,zhumphriesc5@csmonitor.com,Male,56.191.126.166
1539,Barret,Alaway,balawayc6@qq.com,Genderfluid,102.98.45.23
1540,Corey,Slaymaker,cslaymakerc7@csmonitor.com,Genderfluid,163.7.142.6
1541,Nathalie,Duerden,nduerdenc8@whitehouse.gov,Non-binary,43.62.116.185
1542,Melodee,Attwooll,mattwoollc9@harvard.edu,Genderfluid,252.188.144.167
1543,Kathe,Esgate,kesgateca@unicef.org,Agender,159.132.245.42
1544,Margarete,Slyman,mslymancb@netlog.com,Polygender,0.244.54.27
1545,Silva,McIlveen,smcilveencc@edublogs.org,Genderfluid,53.8.86.235
1546,Collete,Clinch,cclinchcd@phoca.cz,Agender,123.13.85.205
1547,Yolanthe,Archambault,yarchambaultce@miibeian.gov.cn,Non-binary,143.249.145.63
1548,Sorcha,Glede,sgledecf@themeforest.net,Non-binary,73.39.230.47
1549,Sylvia,Osanne,sosannecg@over-blog.com,Agender,4.109.73.24
1550,Cody,Rice,cricech@nature.com,Genderfluid,187.143.186.134
1551,Roberto,Kilty,rkiltyci@china.com.cn,Genderfluid,93.179.174.54
1552,Jania,Fretter,jfrettercj@over-blog.com,Non-binary,133.50.202.105
1553,Deborah,Tichelaar,dtichelaarck@google.nl,Agender,169.52.35.44
1554,Reinold,Hamblett,rhamblettcl@redcross.org,Male,121.96.213.58
1555,Gabbie,Karmel,gkarmelcm@whitehouse.gov,Female,225.217.42.86
1556,Thomasine,Leaman,tleamancn@gravatar.com,Female,163.30.186.194
1557,Amara,Hardie,ahardieco@yahoo.com,Male,227.99.212.230
1558,Margaret,Jaszczak,mjaszczakcp@over-blog.com,Polygender,202.150.50.210
1559,Germana,Ashfull,gashfullcq@ted.com,Non-binary,212.36.224.85
1560,Heath,Sadd,hsaddcr@imgur.com,Genderqueer,206.134.249.87
1561,Kath,Torricina,ktorricinacs@netscape.com,Male,112.84.62.4
1562,Vikky,Gilbert,vgilbertct@vimeo.com,Agender,167.249.139.216
1563,Flory,Cotelard,fcotelardcu@ustream.tv,Polygender,13.182.20.241
1564,Hamel,Belvard,hbelvardcv@yale.edu,Genderfluid,63.115.210.208
1565,Hettie,Thurner,hthurnercw@adobe.com,Genderqueer,57.133.79.92
1566,Elsey,Adamek,eadamekcx@hao123.com,Bigender,27.150.180.242
1567,Aldous,Henderson,ahendersoncy@jiathis.com,Polygender,6.239.65.84
1568,Tomas,Seebert,tseebertcz@opensource.org,Male,44.230.147.120
1569,Marcile,Pearmine,mpearmined0@163.com,Male,48.32.119.143
1570,Giana,Howroyd,ghowroydd1@deviantart.com,Agender,120.102.79.209
1571,Kristien,Whitby,kwhitbyd2@narod.ru,Genderqueer,215.231.185.32
1572,Maddy,Camblin,mcamblind3@bravesites.com,Genderfluid,234.228.174.71
1573,Adelaide,Kersting,akerstingd4@flickr.com,Male,222.59.60.10
1574,Kristyn,Derell,kderelld5@dedecms.com,Bigender,202.82.253.213
1575,Buddie,Nudd,bnuddd6@tamu.edu,Genderqueer,99.128.218.54
1576,Erhart,Boik,eboikd7@so-net.ne.jp,Agender,219.49.146.130
1577,Lammond,Liveley,lliveleyd8@discovery.com,Genderqueer,246.96.210.229
1578,Leanna,Kinsey,lkinseyd9@wordpress.com,Polygender,169.62.42.236
1579,Hatti,Lefley,hlefleyda@intel.com,Bigender,227.14.190.201
1580,Burton,Treadgold,btreadgolddb@exblog.jp,Agender,28.171.18.79
1581,Janela,Zelley,jzelleydc@mysql.com,Genderfluid,135.120.248.54
1582,Terese,Hexam,thexamdd@meetup.com,Male,6.92.142.236
1583,Rog,Fountian,rfountiande@macromedia.com,Bigender,198.202.83.65
1584,Janeta,Andrioletti,jandriolettidf@opera.com,Male,148.30.185.2
1585,Gerardo,Disbury,gdisburydg@jiathis.com,Polygender,230.26.135.98
1586,Berta,Bartolomieu,bbartolomieudh@prweb.com,Non-binary,48.180.187.176
1587,Corry,Kemet,ckemetdi@sun.com,Polygender,90.206.100.108
1588,Emma,Fantham,efanthamdj@creativecommons.org,Genderfluid,75.182.118.40
1589,Davis,Kolakowski,dkolakowskidk@nhs.uk,Genderfluid,74.196.109.212
1590,Kristel,Muzzollo,kmuzzollodl@tripod.com,Agender,202.121.25.100
1591,Cleopatra,Jerdon,cjerdondm@stanford.edu,Bigender,13.26.27.18
1592,Marcello,Syversen,msyversendn@discovery.com,Genderqueer,106.88.199.127
1593,Micheal,Challen,mchallendo@whitehouse.gov,Genderfluid,186.253.208.9
1594,Georgie,Taggett,gtaggettdp@cnbc.com,Bigender,33.242.216.197
1595,Verna,Coolican,vcoolicandq@uiuc.edu,Agender,162.170.72.196
1596,Stanislaus,Wagge,swaggedr@go.com,Male,160.255.211.254
1597,Berti,Lieb,bliebds@technorati.com,Genderfluid,143.100.185.53
1598,Ogdan,Beach,obeachdt@hubpages.com,Male,23.224.120.69
1599,Nikolaos,Bindley,nbindleydu@whitehouse.gov,Agender,216.241.52.134
1600,Teddy,Rambaut,trambautdv@sohu.com,Genderfluid,97.88.2.161
1601,Fayette,Leisman,fleismandw@artisteer.com,Bigender,107.213.227.244
1602,Doretta,Atte-Stone,dattestonedx@howstuffworks.com,Agender,253.16.164.208
1603,Lila,Catteroll,lcatterolldy@bloomberg.com,Genderqueer,181.136.43.235
1604,Adore,Jakel,ajakeldz@delicious.com,Non-binary,252.72.53.61
1605,Jacintha,Labarre,jlabarree0@psu.edu,Bigender,100.183.118.140
1606,Barrie,Fleote,bfleotee1@netvibes.com,Polygender,254.188.115.37
1607,Blakelee,Jillard,bjillarde2@about.com,Female,35.117.134.25
1608,Hubert,Harding,hhardinge3@studiopress.com,Genderqueer,56.212.134.193
1609,Jeffrey,Cuniam,jcuniame4@twitpic.com,Genderfluid,4.108.66.211
1610,Odo,Priestman,opriestmane5@feedburner.com,Female,20.232.81.97
1611,Deloria,Yuranovev,dyuranoveve6@kickstarter.com,Bigender,231.68.24.225
1612,Elfie,Faichnie,efaichniee7@pbs.org,Male,18.208.84.41
1613,Ingelbert,Longley,ilongleye8@reuters.com,Genderqueer,173.191.251.100
1614,Walton,Lodewick,wlodewicke9@unc.edu,Non-binary,238.177.86.38
1615,Gannie,De Coursey,gdecourseyea@va.gov,Polygender,180.116.178.24
1616,Maighdiln,Petrovsky,mpetrovskyeb@gmpg.org,Genderqueer,215.44.246.182
1617,Christa,Dangl,cdanglec@go.com,Polygender,240.53.4.100
1618,Lynette,Minihane,lminihaneed@furl.net,Non-binary,141.28.211.75
1619,Shari,Mattson,smattsonee@shinystat.com,Genderqueer,23.95.230.8
1620,Goldia,Lecky,gleckyef@goo.gl,Female,212.113.109.248
1621,Sonia,Scoines,sscoineseg@samsung.com,Agender,131.203.97.117
1622,Raimund,McHaffy,rmchaffyeh@dedecms.com,Bigender,60.9.145.200
1623,Ailsun,Sorrie,asorrieei@slate.com,Polygender,37.250.56.80
1624,Bel,Philott,bphilottej@homestead.com,Female,194.222.165.4
1625,Wolfy,Rylands,wrylandsek@google.ca,Polygender,194.54.208.190
1626,Collin,Smalridge,csmalridgeel@discuz.net,Genderfluid,73.42.255.45
1627,Saudra,Park,sparkem@bing.com,Genderfluid,188.157.229.236
1628,Julienne,Haffard,jhaffarden@reverbnation.com,Bigender,215.51.180.123
1629,Mikael,Kirrens,mkirrenseo@netlog.com,Bigender,123.55.251.241
1630,Natalee,McKeown,nmckeownep@1688.com,Bigender,109.76.137.118
1631,Guillema,Musgrave,gmusgraveeq@t-online.de,Genderqueer,131.90.138.232
1632,Heath,Ghilardini,hghilardinier@nsw.gov.au,Female,162.11.156.26
1633,Erie,Briereton,ebrieretones@wikia.com,Agender,186.88.96.253
1634,Merrill,Alderson,maldersonet@over-blog.com,Polygender,30.2.188.84
1635,Colleen,Canavan,ccanavaneu@squarespace.com,Female,214.31.226.127
1636,Lyndsey,Rentoll,lrentollev@wordpress.com,Bigender,183.12.182.17
1637,Rinaldo,Sancroft,rsancroftew@livejournal.com,Bigender,134.176.53.209
1638,Loise,Buncombe,lbuncombeex@123-reg.co.uk,Non-binary,217.172.39.96
1639,Madonna,Landon,mlandoney@amazon.co.uk,Non-binary,110.57.153.129
1640,Christel,Harvatt,charvattez@soup.io,Agender,78.217.164.233
1641,Delmore,Bernth,dbernthf0@google.co.jp,Genderqueer,48.236.221.64
1642,Jonie,Primarolo,jprimarolof1@omniture.com,Male,97.188.27.66
1643,Jewell,Heugle,jheuglef2@amazon.co.uk,Male,5.209.100.122
1644,Allison,Curson,acursonf3@issuu.com,Non-binary,16.120.193.188
1645,Libbey,Boarer,lboarerf4@ebay.com,Agender,242.147.59.95
1646,Quinn,Guillot,qguillotf5@bloglines.com,Genderqueer,95.237.124.211
1647,Bette,Newns,bnewnsf6@army.mil,Polygender,248.230.118.116
1648,Adolpho,Raikes,araikesf7@t-online.de,Bigender,157.183.58.112
1649,Michele,Imeson,mimesonf8@hostgator.com,Polygender,43.134.19.206
1650,Jeralee,Holme,jholmef9@netscape.com,Agender,22.18.8.151
1651,Elisabetta,Tennant,etennantfa@themeforest.net,Genderqueer,73.74.64.222
1652,Spenser,Renehan,srenehanfb@imgur.com,Male,98.82.160.202
1653,Dagny,Huddlestone,dhuddlestonefc@lulu.com,Female,225.65.95.159
1654,Lark,Cairns,lcairnsfd@altervista.org,Female,201.255.67.150
1655,Marve,Legges,mleggesfe@slideshare.net,Genderfluid,138.14.72.126
1656,Tessy,Farn,tfarnff@biglobe.ne.jp,Genderqueer,68.122.220.134
1657,Jamey,Ferronel,jferronelfg@topsy.com,Male,204.79.151.204
1658,Billie,Shird,bshirdfh@goo.gl,Polygender,203.55.75.213
1659,Darda,Jakolevitch,djakolevitchfi@fotki.com,Bigender,243.157.87.129
1660,Cullen,Cayser,ccayserfj@hostgator.com,Genderfluid,220.70.215.179
1661,Kathleen,Cartledge,kcartledgefk@rakuten.co.jp,Genderfluid,61.27.97.249
1662,Shoshana,Iliff,silifffl@time.com,Genderqueer,73.221.164.9
1663,Jenna,Schrader,jschraderfm@tripod.com,Female,186.196.14.144
1664,Sephira,De Robertis,sderobertisfn@gov.uk,Genderqueer,150.152.162.19
1665,Morlee,Dawidowsky,mdawidowskyfo@twitter.com,Bigender,108.136.233.92
1666,Aubry,Gue,aguefp@github.com,Male,238.8.248.209
1667,Hurley,Stallan,hstallanfq@sitemeter.com,Non-binary,255.27.144.227
1668,Westbrooke,Lace,wlacefr@addthis.com,Polygender,139.88.208.112
1669,Granthem,Sebring,gsebringfs@globo.com,Genderfluid,120.180.163.219
1670,Dickie,Deavin,ddeavinft@springer.com,Female,13.248.96.225
1671,Nolan,Chicchelli,nchicchellifu@nydailynews.com,Genderqueer,143.152.241.38
1672,Melania,Alcoran,malcoranfv@indiegogo.com,Bigender,79.9.224.165
1673,Meryl,Ivanishchev,mivanishchevfw@nba.com,Bigender,43.217.235.98
1674,Kathryne,Brimicombe,kbrimicombefx@surveymonkey.com,Male,194.148.88.218
1675,Andree,Hardwicke,ahardwickefy@squarespace.com,Male,85.34.169.100
1676,Fernande,Wakelin,fwakelinfz@theatlantic.com,Male,24.148.162.241
1677,Angelique,Bomfield,abomfieldg0@usgs.gov,Non-binary,16.122.58.13
1678,Wilt,Fausch,wfauschg1@slashdot.org,Genderqueer,254.159.178.224
1679,Loralee,Stockton,lstocktong2@diigo.com,Male,239.224.128.193
1680,Harland,Millan,hmillang3@goo.gl,Female,98.122.214.9
1681,Andriana,Caswall,acaswallg4@elegantthemes.com,Genderfluid,65.100.238.200
1682,Marja,Ortner,mortnerg5@godaddy.com,Bigender,163.107.119.163
1683,Traci,Omond,tomondg6@umn.edu,Male,1.101.101.14
1684,Zed,Hambling,zhamblingg7@sun.com,Non-binary,23.5.116.112
1685,Hamnet,Wackley,hwackleyg8@nytimes.com,Non-binary,162.136.221.216
1686,Leonardo,Leipelt,lleipeltg9@virginia.edu,Polygender,193.110.23.27
1687,Fredericka,Hatchett,fhatchettga@flickr.com,Genderqueer,159.166.130.251
1688,Harcourt,Stitle,hstitlegb@exblog.jp,Genderfluid,49.75.11.3
1689,Lila,Baylie,lbayliegc@soundcloud.com,Genderqueer,58.196.140.129
1690,Parry,Dunbabin,pdunbabingd@nba.com,Agender,129.191.35.187
1691,Carrissa,Mc Comb,cmccombge@ucoz.ru,Bigender,106.220.157.34
1692,Valli,Nowill,vnowillgf@pagesperso-orange.fr,Agender,126.132.118.116
1693,Errol,Lotterington,elotteringtongg@craigslist.org,Polygender,236.6.73.164
1694,Basil,Vezey,bvezeygh@bbb.org,Male,51.41.118.212
1695,Hildegaard,Thirsk,hthirskgi@is.gd,Polygender,209.221.20.78
1696,Bab,Kinglesyd,bkinglesydgj@europa.eu,Female,162.229.23.197
1697,Kellen,Peotz,kpeotzgk@phoca.cz,Agender,240.199.152.76
1698,Phil,Halloran,phallorangl@google.com.au,Bigender,114.161.210.152
1699,El,Walesby,ewalesbygm@mit.edu,Bigender,227.75.174.56
1700,Annmarie,McCowan,amccowangn@bbc.co.uk,Agender,30.138.104.248
1701,Gaspard,Clohisey,gclohiseygo@sina.com.cn,Genderfluid,247.217.174.209
1702,Warden,Tabram,wtabramgp@paginegialle.it,Genderfluid,239.90.131.211
1703,Spenser,Victory,svictorygq@de.vu,Genderfluid,43.86.9.80
1704,Bernita,Witnall,bwitnallgr@va.gov,Non-binary,99.44.43.169
1705,Ewart,Rollett,erollettgs@cam.ac.uk,Non-binary,25.28.198.90
1706,Briggs,Goulbourne,bgoulbournegt@apache.org,Non-binary,68.242.48.203
1707,Fulvia,Ravenscroft,fravenscroftgu@reference.com,Genderfluid,152.53.151.33
1708,Owen,Saffell,osaffellgv@themeforest.net,Genderqueer,208.201.150.189
1709,Anabal,Laurent,alaurentgw@google.cn,Non-binary,179.115.24.87
1710,Clayborne,Merkel,cmerkelgx@marketwatch.com,Female,57.205.215.1
1711,Johan,Chadney,jchadneygy@hud.gov,Female,36.40.182.191
1712,Clayborne,Antonin,cantoningz@businessinsider.com,Female,112.154.141.47
1713,Dane,Smorthwaite,dsmorthwaiteh0@twitpic.com,Bigender,200.2.21.79
1714,Brande,Iapico,biapicoh1@delicious.com,Male,96.16.99.81
1715,Levey,Toppas,ltoppash2@bloglines.com,Male,63.84.76.121
1716,Corie,Smoth,csmothh3@wordpress.com,Genderqueer,150.29.152.160
1717,Klaus,Reitenbach,kreitenbachh4@nih.gov,Bigender,148.145.35.71
1718,Ania,Westraw,awestrawh5@qq.com,Non-binary,182.52.90.137
1719,Nydia,Bugg,nbuggh6@themeforest.net,Polygender,232.136.107.125
1720,Rosalinda,Olanda,rolandah7@t-online.de,Non-binary,68.128.5.17
1721,Darcee,Krystof,dkrystofh8@archive.org,Male,161.142.97.73
1722,Phyllis,Dupey,pdupeyh9@barnesandnoble.com,Female,185.77.60.38
1723,Mortie,Dwine,mdwineha@mit.edu,Female,54.218.17.167
1724,Gibb,Simner,gsimnerhb@delicious.com,Genderqueer,236.242.144.181
1725,Nathanil,Tremoulet,ntremoulethc@nytimes.com,Bigender,54.128.175.12
1726,Isabella,Skrzynski,iskrzynskihd@alibaba.com,Female,163.187.84.175
1727,Charmaine,Wadlow,cwadlowhe@prlog.org,Agender,118.168.54.67
1728,Hasty,Lambirth,hlambirthhf@netlog.com,Polygender,69.161.187.68
1729,Deanna,McPeice,dmcpeicehg@washingtonpost.com,Non-binary,75.47.33.138
1730,Quentin,Burroughes,qburrougheshh@google.de,Polygender,155.50.152.12
1731,Seymour,Berens,sberenshi@europa.eu,Genderfluid,172.224.134.184
1732,Perla,Stitt,pstitthj@businessinsider.com,Genderqueer,0.108.105.45
1733,Natal,Widocks,nwidockshk@addtoany.com,Genderfluid,126.195.104.162
1734,Elbert,d'Arcy,edarcyhl@ed.gov,Genderfluid,143.71.228.73
1735,Lucie,Gilluley,lgilluleyhm@quantcast.com,Polygender,41.161.214.113
1736,Trude,Henrych,thenrychhn@squarespace.com,Bigender,198.114.153.184
1737,Solomon,Linne,slinneho@unblog.fr,Polygender,212.245.86.42
1738,Jerad,Braybrooks,jbraybrookshp@blog.com,Male,89.253.64.195
1739,Shoshanna,Cummins,scumminshq@stumbleupon.com,Male,71.101.170.252
1740,Magdalene,Alman,malmanhr@tuttocitta.it,Female,192.62.229.164
1741,Ganny,Doley,gdoleyhs@yahoo.co.jp,Genderqueer,168.112.98.219
1742,Silvana,Leggin,slegginht@odnoklassniki.ru,Male,75.66.147.84
1743,Abelard,Widdecombe,awiddecombehu@lulu.com,Polygender,14.227.255.52
1744,Wolfy,Pedycan,wpedycanhv@epa.gov,Non-binary,197.26.116.5
1745,Mufi,Pendrich,mpendrichhw@live.com,Bigender,136.59.26.156
1746,Launce,Loakes,lloakeshx@jigsy.com,Genderfluid,21.2.172.120
1747,Archy,Dempster,adempsterhy@canalblog.com,Bigender,125.61.199.248
1748,Nari,Ferroni,nferronihz@harvard.edu,Bigender,105.127.79.241
1749,Barrie,Stubbley,bstubbleyi0@webs.com,Genderqueer,35.239.43.12
1750,Rodge,Gladeche,rgladechei1@globo.com,Genderqueer,29.222.0.241
1751,Roi,Grebbin,rgrebbini2@youtube.com,Genderqueer,147.131.5.5
1752,Lon,Huws,lhuwsi3@earthlink.net,Bigender,143.183.248.105
1753,Monti,Neath,mneathi4@usnews.com,Female,29.207.137.169
1754,Nicolai,Easen,neaseni5@ustream.tv,Genderqueer,40.194.82.34
1755,Angelico,Lamond,alamondi6@quantcast.com,Non-binary,223.13.106.194
1756,Anna-diana,Macguire,amacguirei7@intel.com,Agender,253.181.185.159
1757,Ursulina,Scaplehorn,uscaplehorni8@un.org,Male,44.191.96.9
1758,Morgan,Colvine,mcolvinei9@miibeian.gov.cn,Agender,88.151.68.207
1759,Mercy,Lead,mleadia@miibeian.gov.cn,Bigender,205.94.124.205
1760,Paxon,Arlow,parlowib@opensource.org,Female,27.236.123.48
1761,Cully,Cardenosa,ccardenosaic@irs.gov,Polygender,21.67.149.100
1762,Diane,Cambell,dcambellid@ustream.tv,Non-binary,40.25.195.75
1763,Loree,Jefferies,ljefferiesie@unesco.org,Agender,178.225.237.177
1764,Callean,Concannon,cconcannonif@oakley.com,Polygender,7.38.208.226
1765,Flossy,Rapsey,frapseyig@shop-pro.jp,Non-binary,138.88.91.28
1766,Corrina,Crame,ccrameih@geocities.jp,Genderqueer,6.204.82.225
1767,Dominique,Rugge,druggeii@weibo.com,Genderqueer,141.12.35.81
1768,Kendell,Luberto,klubertoij@illinois.edu,Genderfluid,27.6.202.85
1769,Kathrine,Bunch,kbunchik@cpanel.net,Male,61.204.130.48
1770,Garrott,Clarycott,gclarycottil@51.la,Genderfluid,92.82.76.195
1771,Lauren,Scadden,lscaddenim@google.cn,Genderqueer,163.110.26.235
1772,Rozanne,Ormes,rormesin@fda.gov,Polygender,141.209.67.239
1773,Blithe,Rankcom,brankcomio@guardian.co.uk,Male,247.118.69.119
1774,Rickert,Marshland,rmarshlandip@amazonaws.com,Bigender,151.111.38.34
1775,Ambrosio,Nurdin,anurdiniq@hubpages.com,Male,210.237.173.92
1776,Saraann,Evetts,sevettsir@zimbio.com,Bigender,38.237.97.41
1777,Berke,MacKeig,bmackeigis@paypal.com,Non-binary,196.17.192.140
1778,Betsey,Nuton,bnutonit@hostgator.com,Agender,130.206.70.156
1779,Mickie,Klimkiewich,mklimkiewichiu@goodreads.com,Genderfluid,78.214.106.43
1780,Evangelina,Corpes,ecorpesiv@princeton.edu,Bigender,33.88.200.96
1781,Darya,Banthorpe,dbanthorpeiw@vistaprint.com,Female,123.184.178.77
1782,Adele,Kay,akayix@people.com.cn,Male,81.3.226.145
1783,Willem,Mechan,wmechaniy@hatena.ne.jp,Non-binary,63.13.83.128
1784,Saunderson,Burnage,sburnageiz@whitehouse.gov,Polygender,40.6.62.50
1785,Burty,Matthis,bmatthisj0@networksolutions.com,Male,66.93.8.98
1786,Viviyan,Choffin,vchoffinj1@fema.gov,Non-binary,184.250.235.100
1787,Glenine,Husbands,ghusbandsj2@infoseek.co.jp,Genderqueer,74.127.225.170
1788,Brady,Latus,blatusj3@pbs.org,Agender,198.143.220.148
1789,Zared,Isabell,zisabellj4@lycos.com,Genderfluid,224.170.139.179
1790,Albertina,Buckthought,abuckthoughtj5@huffingtonpost.com,Male,136.98.25.154
1791,Danie,Eatherton,deathertonj6@reuters.com,Non-binary,220.126.137.112
1792,Ardyce,Tarbett,atarbettj7@senate.gov,Non-binary,205.32.188.230
1793,Megen,Varndell,mvarndellj8@ezinearticles.com,Bigender,5.179.136.129
1794,Shalom,Cranham,scranhamj9@si.edu,Bigender,110.203.72.138
1795,Elset,Christol,echristolja@sbwire.com,Genderfluid,186.125.59.85
1796,Glennis,Ammer,gammerjb@prlog.org,Polygender,252.231.155.118
1797,Gianina,Malby,gmalbyjc@vistaprint.com,Genderqueer,172.33.91.170
1798,Maxi,Brotherton,mbrothertonjd@jugem.jp,Agender,166.182.226.192
1799,Aldrich,Leadstone,aleadstoneje@mtv.com,Bigender,84.31.214.90
1800,Wilfrid,Lowden,wlowdenjf@yellowpages.com,Bigender,19.192.124.232
1801,Missy,Hutchens,mhutchensjg@home.pl,Bigender,182.253.234.199
1802,Kathryn,Yewdell,kyewdelljh@wordpress.com,Bigender,155.216.238.9
1803,Bran,Ceresa,bceresaji@wordpress.org,Male,51.170.228.89
1804,Ollie,Goldbourn,ogoldbournjj@scribd.com,Male,72.251.168.194
1805,Jimmy,Vyvyan,jvyvyanjk@wikimedia.org,Female,186.113.96.127
1806,Jozef,O'Sheeryne,josheerynejl@newsvine.com,Agender,215.167.144.81
1807,Vita,Squier,vsquierjm@uol.com.br,Female,135.107.53.210
1808,Hoyt,Doyle,hdoylejn@statcounter.com,Female,226.124.251.104
1809,Viv,Silverwood,vsilverwoodjo@macromedia.com,Genderqueer,161.10.89.45
1810,Kalle,Lethem,klethemjp@addtoany.com,Non-binary,189.241.116.21
1811,Morton,Balffye,mbalffyejq@shinystat.com,Male,131.182.113.238
1812,Damon,McGaugie,dmcgaugiejr@alibaba.com,Non-binary,59.200.233.94
1813,Jeralee,Hugland,jhuglandjs@baidu.com,Male,234.205.177.45
1814,Angy,Riccardo,ariccardojt@vinaora.com,Polygender,214.205.113.40
1815,Lindy,Rowson,lrowsonju@nymag.com,Bigender,103.148.207.32
1816,Agnella,Wilce,awilcejv@google.it,Agender,235.69.20.40
1817,Alleyn,Dwelley,adwelleyjw@shareasale.com,Non-binary,234.52.168.194
1818,Ebba,De Gregoli,edegregolijx@comsenz.com,Male,203.113.209.136
1819,Debora,Frontczak,dfrontczakjy@umn.edu,Non-binary,193.114.220.127
1820,Lorenza,Baughan,lbaughanjz@newyorker.com,Polygender,218.238.120.233
1821,Ari,Forbear,aforbeark0@dell.com,Male,170.17.58.127
1822,Harlan,Durand,hdurandk1@buzzfeed.com,Polygender,101.189.93.8
1823,Nathalie,Dieton,ndietonk2@about.com,Bigender,38.207.65.107
1824,Ogden,Bikker,obikkerk3@cocolog-nifty.com,Non-binary,92.38.231.36
1825,Gustie,Bolingbroke,gbolingbrokek4@indiegogo.com,Genderfluid,78.42.248.148
1826,Uri,Glavis,uglavisk5@auda.org.au,Bigender,249.24.45.23
1827,George,Adran,gadrank6@comsenz.com,Genderfluid,182.16.243.112
1828,Bee,Grattan,bgrattank7@simplemachines.org,Bigender,27.252.8.138
1829,Goldina,Fulford,gfulfordk8@smh.com.au,Genderfluid,101.121.128.51
1830,Beau,Lawrence,blawrencek9@shutterfly.com,Polygender,43.124.32.134
1831,Jacklin,Caudell,jcaudellka@goodreads.com,Polygender,109.151.207.21
1832,Cleavland,Fawdery,cfawderykb@marriott.com,Bigender,54.43.162.245
1833,Alejoa,Booth-Jarvis,aboothjarviskc@liveinternet.ru,Agender,238.23.105.8
1834,Keslie,Koppens,kkoppenskd@un.org,Genderqueer,144.123.19.231
1835,Lian,Duddle,lduddleke@unblog.fr,Polygender,121.86.29.101
1836,Lin,Wignall,lwignallkf@dot.gov,Female,230.43.150.136
1837,Selby,Freire,sfreirekg@facebook.com,Female,137.184.39.69
1838,Ashely,Whannel,awhannelkh@de.vu,Genderfluid,226.185.36.60
1839,Vivie,Foxten,vfoxtenki@ezinearticles.com,Agender,100.240.52.206
1840,Giulietta,Leasor,gleasorkj@gravatar.com,Genderfluid,116.202.32.212
1841,Lurlene,Lening,lleningkk@addtoany.com,Genderfluid,96.167.226.241
1842,Parsifal,Buxy,pbuxykl@bigcartel.com,Female,157.210.104.57
1843,Charmain,Shotton,cshottonkm@typepad.com,Agender,136.27.248.164
1844,Chic,Gasparro,cgasparrokn@feedburner.com,Genderqueer,63.140.84.189
1845,Faith,Lafayette,flafayetteko@imdb.com,Agender,246.129.162.231
1846,Yance,Wraighte,ywraightekp@webs.com,Genderqueer,48.3.122.176
1847,Lorri,Morales,lmoraleskq@networksolutions.com,Male,48.102.108.166
1848,Riki,Dionisio,rdionisiokr@wix.com,Male,41.122.202.124
1849,Alicea,Henriet,ahenrietks@sourceforge.net,Female,190.247.154.191
1850,Jedd,Smithson,jsmithsonkt@ning.com,Genderfluid,135.236.206.21
1851,Laetitia,Blei,lbleiku@macromedia.com,Polygender,255.219.55.116
1852,Ivy,Carnachen,icarnachenkv@purevolume.com,Polygender,246.20.246.51
1853,Hogan,Trapp,htrappkw@addtoany.com,Genderfluid,64.157.17.16
1854,Sharity,Arthey,sartheykx@icio.us,Genderqueer,10.171.217.160
1855,Sarette,Clitherow,sclitherowky@europa.eu,Polygender,163.93.212.90
1856,Kimberly,Maccrea,kmaccreakz@ox.ac.uk,Genderqueer,122.83.64.205
1857,Alvie,Errichiello,aerrichiellol0@netlog.com,Genderfluid,232.131.193.221
1858,Fredrika,Calyton,fcalytonl1@netscape.com,Genderqueer,2.129.143.160
1859,Mariette,Ruttgers,mruttgersl2@livejournal.com,Female,27.99.123.3
1860,Faulkner,Lye,flyel3@tiny.cc,Genderqueer,180.172.101.219
1861,Emanuele,Roebottom,eroebottoml4@sfgate.com,Genderfluid,107.228.96.206
1862,Rubetta,Morten,rmortenl5@intel.com,Polygender,167.41.61.170
1863,Cyndi,Hriinchenko,chriinchenkol6@goodreads.com,Non-binary,35.217.35.151
1864,Gerda,Hoggin,ghogginl7@psu.edu,Polygender,223.71.6.47
1865,Feliks,Simionato,fsimionatol8@pagesperso-orange.fr,Agender,228.1.174.132
1866,Davita,Bradneck,dbradneckl9@japanpost.jp,Male,22.202.141.199
1867,Adela,Raw,arawla@pcworld.com,Female,132.178.239.19
1868,Jocko,Doornbos,jdoornboslb@themeforest.net,Non-binary,188.37.40.35
1869,Norina,Rusk,nrusklc@parallels.com,Non-binary,165.172.7.196
1870,Hi,Solon,hsolonld@cnbc.com,Non-binary,1.232.46.196
1871,Kelci,Morrant,kmorrantle@bing.com,Genderqueer,171.159.104.1
1872,Petunia,Millin,pmillinlf@behance.net,Polygender,72.230.173.105
1873,Neil,Deem,ndeemlg@reddit.com,Non-binary,59.44.218.99
1874,Hilary,Degoey,hdegoeylh@spotify.com,Genderqueer,18.186.66.121
1875,Brina,Arlet,barletli@tripadvisor.com,Polygender,17.45.220.180
1876,Montague,Stallebrass,mstallebrasslj@symantec.com,Agender,45.18.194.81
1877,Dari,Oehm,doehmlk@psu.edu,Bigender,72.107.49.146
1878,Lolly,Keough,lkeoughll@feedburner.com,Agender,147.221.43.110
1879,Nickey,Bendare,nbendarelm@gmpg.org,Genderqueer,75.225.91.229
1880,Filia,Copelli,fcopelliln@edublogs.org,Polygender,170.9.163.246
1881,Reyna,Hick,rhicklo@cdbaby.com,Bigender,111.95.39.59
1882,Fairleigh,Chappelow,fchappelowlp@artisteer.com,Non-binary,86.123.243.128
1883,Grant,De Blasio,gdeblasiolq@prweb.com,Female,79.187.42.28
1884,Ruperta,Hertwell,rhertwelllr@hostgator.com,Female,131.212.113.153
1885,Ingaborg,Strachan,istrachanls@google.it,Agender,119.162.227.182
1886,Elmira,Dethloff,edethlofflt@weather.com,Male,103.201.56.115
1887,Luca,Becerro,lbecerrolu@webmd.com,Genderqueer,160.37.24.109
1888,Melli,Lillo,mlillolv@redcross.org,Polygender,233.86.227.106
1889,Tammara,Jankiewicz,tjankiewiczlw@drupal.org,Male,6.178.92.10
1890,Stoddard,Raitie,sraitielx@tinypic.com,Agender,87.123.149.231
1891,Sandro,Linden,slindenly@mozilla.com,Male,159.126.203.3
1892,Didi,Matissoff,dmatissofflz@privacy.gov.au,Bigender,44.244.215.82
1893,Talyah,Bratty,tbrattym0@themeforest.net,Male,66.148.51.173
1894,Ileane,Dowd,idowdm1@netvibes.com,Bigender,135.115.205.255
1895,Lexi,Rayment,lraymentm2@marketwatch.com,Genderqueer,12.150.91.32
1896,Walker,Dybell,wdybellm3@mac.com,Bigender,46.70.184.147
1897,Caria,Kornas,ckornasm4@walmart.com,Male,201.70.67.248
1898,Elwin,Gindghill,egindghillm5@webmd.com,Genderfluid,95.178.214.69
1899,Gwennie,Dobrovolski,gdobrovolskim6@g.co,Genderfluid,118.151.39.171
1900,Fabian,Roddie,froddiem7@earthlink.net,Polygender,181.141.207.178
1901,Ferris,Tilzey,ftilzeym8@multiply.com,Polygender,22.146.193.254
1902,Welch,Richel,wrichelm9@economist.com,Male,206.72.117.191
1903,Alejoa,Janek,ajanekma@tiny.cc,Polygender,194.251.250.214
1904,Terry,Daintier,tdaintiermb@webeden.co.uk,Polygender,150.172.218.23
1905,Dahlia,Searchfield,dsearchfieldmc@admin.ch,Genderfluid,190.68.122.69
1906,Haleigh,Elderkin,helderkinmd@flavors.me,Polygender,179.147.40.132
1907,Butch,Peare,bpeareme@tiny.cc,Bigender,134.29.207.80
1908,Malissa,Bradtke,mbradtkemf@hubpages.com,Genderqueer,13.185.47.159
1909,Barrie,Hawley,bhawleymg@networkadvertising.org,Bigender,69.152.71.223
1910,Milt,Hawkey,mhawkeymh@tuttocitta.it,Polygender,173.109.229.30
1911,Maible,Gilbane,mgilbanemi@reuters.com,Polygender,36.224.21.60
1912,Idalina,Flood,ifloodmj@cisco.com,Polygender,238.147.91.23
1913,Vito,Athy,vathymk@newsvine.com,Agender,83.91.187.47
1914,Margaux,Grimmolby,mgrimmolbyml@ebay.com,Female,205.197.215.61
1915,Jimmie,Kidston,jkidstonmm@github.io,Female,41.214.234.24
1916,Basil,Playle,bplaylemn@4shared.com,Polygender,37.69.138.157
1917,Aubrette,Mills,amillsmo@cdc.gov,Genderfluid,201.197.159.119
1918,Carmencita,Faires,cfairesmp@salon.com,Bigender,220.214.121.207
1919,Francine,Verney,fverneymq@google.it,Agender,216.137.217.129
1920,Rita,Rabidge,rrabidgemr@weibo.com,Bigender,28.101.115.50
1921,Charlie,Matus,cmatusms@elegantthemes.com,Genderfluid,88.4.136.10
1922,Dannie,Kibblewhite,dkibblewhitemt@boston.com,Genderqueer,242.4.71.97
1923,Donavon,Mildenhall,dmildenhallmu@diigo.com,Non-binary,178.125.233.124
1924,Gerrard,Bulgen,gbulgenmv@marriott.com,Bigender,186.65.53.197
1925,Penelope,Losbie,plosbiemw@dot.gov,Genderqueer,203.80.89.158
1926,Adolphus,Drage,adragemx@tripadvisor.com,Male,175.49.151.85
1927,Arlin,Doddemeede,adoddemeedemy@vimeo.com,Male,234.66.121.255
1928,Danika,Tinklin,dtinklinmz@accuweather.com,Bigender,118.6.120.254
1929,Obie,Seleway,oselewayn0@webeden.co.uk,Non-binary,166.19.216.216
1930,Jennie,Brantzen,jbrantzenn1@un.org,Polygender,90.33.40.168
1931,Jamill,Manser,jmansern2@ameblo.jp,Female,204.172.5.222
1932,Brantley,Langtree,blangtreen3@usgs.gov,Agender,8.52.94.223
1933,Nelson,Norrington,nnorringtonn4@hexun.com,Agender,246.201.63.158
1934,Nickolai,Stapylton,nstapyltonn5@webeden.co.uk,Genderfluid,44.107.162.79
1935,Jeane,Venart,jvenartn6@google.pl,Polygender,222.35.95.28
1936,Marlon,McAlester,mmcalestern7@hc360.com,Polygender,166.204.148.212
1937,Marylee,Slora,msloran8@timesonline.co.uk,Genderqueer,97.82.232.191
1938,Goran,Dunabie,gdunabien9@wisc.edu,Genderfluid,241.255.245.236
1939,Ermentrude,Tonn,etonnna@livejournal.com,Polygender,215.38.170.170
1940,Babbette,Holtham,bholthamnb@blogtalkradio.com,Female,52.56.73.41
1941,Liam,Ort,lortnc@cdbaby.com,Agender,49.163.111.153
1942,Niel,Kinsett,nkinsettnd@microsoft.com,Polygender,94.3.250.233
1943,Lena,Sommerscales,lsommerscalesne@i2i.jp,Genderfluid,237.173.31.248
1944,Gustav,Gallard,ggallardnf@uol.com.br,Male,238.96.51.2
1945,Pooh,Cosely,pcoselyng@exblog.jp,Female,20.131.237.147
1946,Dorian,Brushneen,dbrushneennh@yandex.ru,Genderfluid,202.45.74.118
1947,Doyle,Wetheril,dwetherilni@e-recht24.de,Genderfluid,172.148.18.162
1948,Lynnelle,Mose,lmosenj@goo.gl,Agender,57.82.58.158
1949,Piggy,Houlahan,phoulahannk@engadget.com,Non-binary,233.157.186.188
1950,Berny,Duthie,bduthienl@naver.com,Female,20.160.248.252
1951,Diane,Gheeorghie,dgheeorghienm@mozilla.com,Genderqueer,21.121.128.39
1952,Geoff,Tackett,gtackettnn@google.com,Genderfluid,221.11.232.68
1953,Justinian,Whatford,jwhatfordno@va.gov,Female,158.172.154.238
1954,Cirilo,Thain,cthainnp@imageshack.us,Bigender,152.195.163.71
1955,Jada,Sewall,jsewallnq@ycombinator.com,Bigender,57.47.118.18
1956,Bernadina,Waddup,bwaddupnr@ibm.com,Male,249.41.34.253
1957,Clarabelle,Bettley,cbettleyns@jalbum.net,Male,72.131.156.226
1958,Melvin,Snelgrove,msnelgrovent@patch.com,Bigender,65.126.1.100
1959,Hannis,Sizeland,hsizelandnu@admin.ch,Polygender,200.198.8.181
1960,Thorpe,Perell,tperellnv@redcross.org,Bigender,180.210.249.199
1961,Howard,Sollon,hsollonnw@army.mil,Genderfluid,192.241.78.220
1962,Gregoor,Dibnah,gdibnahnx@stanford.edu,Agender,43.169.203.93
1963,Marya,Radki,mradkiny@youtube.com,Bigender,117.6.67.20
1964,Vinnie,Rubinek,vrubineknz@cisco.com,Female,66.73.208.199
1965,Vick,McRuvie,vmcruvieo0@cnbc.com,Non-binary,181.220.192.55
1966,Keene,Blaszczynski,kblaszczynskio1@stanford.edu,Female,49.81.98.18
1967,Archy,Espy,aespyo2@topsy.com,Agender,93.33.240.35
1968,Holmes,Santer,hsantero3@addthis.com,Polygender,81.208.114.18
1969,Batholomew,Rzehorz,brzehorzo4@archive.org,Male,248.159.163.49
1970,Biddie,Kerman,bkermano5@walmart.com,Male,172.16.125.119
1971,Gawain,McGlashan,gmcglashano6@chron.com,Male,9.131.165.3
1972,Leena,Closs,lclosso7@cdc.gov,Male,159.76.41.228
1973,Larina,Weir,lweiro8@gnu.org,Genderqueer,111.128.136.100
1974,Jory,Fuggle,jfuggleo9@engadget.com,Male,126.253.232.103
1975,Marti,Attwool,mattwooloa@bbc.co.uk,Bigender,45.245.218.54
1976,Adlai,Ruckert,aruckertob@twitter.com,Non-binary,144.146.87.194
1977,Maryanne,Boyne,mboyneoc@va.gov,Non-binary,19.128.153.0
1978,Isobel,Fehely,ifehelyod@oracle.com,Non-binary,156.197.168.158
1979,Johna,Fowlestone,jfowlestoneoe@usa.gov,Bigender,184.63.237.234
1980,Florina,Veltman,fveltmanof@vimeo.com,Non-binary,114.179.204.62
1981,Archer,Barbera,abarberaog@canalblog.com,Female,120.253.3.121
1982,Tedda,Cicullo,tcicullooh@hugedomains.com,Male,251.220.253.182
1983,Katrina,Drage,kdrageoi@foxnews.com,Non-binary,234.18.7.244
1984,Annetta,Brayson,abraysonoj@upenn.edu,Female,73.196.213.230
1985,Travers,McMurdo,tmcmurdook@google.com,Polygender,154.39.122.122
1986,Andrea,Foulis,afoulisol@nba.com,Female,201.223.170.206
1987,Earvin,Gresty,egrestyom@dailymail.co.uk,Polygender,214.206.131.145
1988,Jehu,Royl,jroylon@illinois.edu,Bigender,191.138.72.199
1989,Ninon,Ellicock,nellicockoo@ask.com,Bigender,97.116.217.126
1990,Christoforo,Pettigrew,cpettigrewop@aol.com,Female,108.14.86.128
1991,Toni,Marty,tmartyoq@domainmarket.com,Polygender,120.131.113.193
1992,Ulises,MacColm,umaccolmor@forbes.com,Female,102.32.232.180
1993,Emalee,Tregenna,etregennaos@goodreads.com,Agender,209.116.240.103
1994,Klemens,Rosenboim,krosenboimot@harvard.edu,Non-binary,69.170.39.184
1995,Erik,Twomey,etwomeyou@jigsy.com,Genderqueer,170.133.61.27
1996,Viv,McLukie,vmclukieov@blogtalkradio.com,Male,114.7.61.238
1997,Myrah,Fuster,mfusterow@princeton.edu,Non-binary,210.191.189.199
1998,Stella,Bowe,sboweox@youtu.be,Genderqueer,125.109.203.212
1999,Leighton,Domingues,ldominguesoy@state.tx.us,Genderqueer,248.100.58.88
2000,Artemus,Tupie,atupieoz@netscape.com,Polygender,241.174.51.199
