id,first_name,last_name,email,gender,ip_address
101,Catherin,McGrah,cmcgrah0@skype.com,Bigender,195.72.183.125
102,Tiffie,Spurman,tspurman1@usda.gov,Polygender,129.51.0.83
103,Joli,Candish,jcandish2@sciencedirect.com,Bigender,99.98.35.95
104,Ingamar,Tregiddo,itregiddo3@yellowpages.com,Bigender,244.112.53.137
105,Chick,Kirsz,ckirsz4@techcrunch.com,Bigender,216.168.164.171
106,Denna,Loft,dloft5@google.com.hk,Non-binary,203.72.111.33
107,Margery,Rottery,mrottery6@msn.com,Bigender,128.51.48.233
108,Brooks,Lant,blant7@addthis.com,Genderfluid,152.120.82.248
109,Dagny,Alenin,dalenin8@senate.gov,Non-binary,221.66.108.134
110,Hulda,Matantsev,hmatantsev9@weebly.com,Non-binary,140.0.254.60
111,Katrine,Vennard,kvennarda@japanpost.jp,Genderfluid,123.10.236.106
112,Kalle,Tettersell,ktettersellb@independent.co.uk,Genderfluid,185.95.193.215
113,Valry,Weatherell,vweatherellc@dmoz.org,Non-binary,4.209.81.107
114,Fairfax,Oris,forisd@ycombinator.com,Genderqueer,172.123.206.68
115,Feliks,Patershall,fpatershalle@ox.ac.uk,Bigender,225.14.75.191
116,Daisi,Ritchard,dritchardf@oakley.com,Female,90.201.84.103
117,Nevin,Felkin,nfelking@mayoclinic.com,Agender,253.191.163.136
118,Ilsa,Conechie,iconechieh@ca.gov,Genderqueer,159.18.162.123
119,Boote,Kemm,bkemmi@intel.com,Female,211.173.175.71
120,Blanca,Enders,bendersj@jigsy.com,Bigender,43.68.255.148
121,Terence,Legen,tlegenk@theguardian.com,Female,213.106.134.13
122,Pandora,Cruddace,pcruddacel@webeden.co.uk,Genderqueer,0.25.191.21
123,Shena,Batkin,sbatkinm@apple.com,Female,171.110.201.67
124,Maighdiln,McCreadie,mmccreadien@java.com,Genderqueer,131.176.91.251
125,Skylar,Goodspeed,sgoodspeedo@posterous.com,Genderqueer,212.38.2.113
126,Eba,Collinge,ecollingep@nature.com,Genderfluid,8.117.149.195
127,Robin,Shannahan,rshannahanq@csmonitor.com,Genderqueer,6.120.161.55
128,Mandel,Maun,mmaunr@mtv.com,Non-binary,200.139.196.186
129,Theobald,Whyteman,twhytemans@deviantart.com,Non-binary,127.197.228.23
130,Ronica,Jeskins,rjeskinst@addthis.com,Non-binary,28.122.211.27
131,Holly,Butland,hbutlandu@va.gov,Female,114.28.150.231
132,Heddie,Fenech,hfenechv@mapquest.com,Bigender,16.179.109.17
133,Beaufort,Kornyshev,bkornyshevw@ucla.edu,Non-binary,47.74.161.166
134,Amity,Goundrill,agoundrillx@jiathis.com,Agender,143.195.18.202
135,Theresina,Veracruysse,tveracruyssey@microsoft.com,Agender,79.178.241.201
136,Rudolf,Shuttlewood,rshuttlewoodz@desdev.cn,Genderfluid,232.229.7.107
137,Bank,Flageul,bflageul10@amazon.co.jp,Polygender,200.248.211.131
138,Anjanette,Pidgen,apidgen11@icq.com,Female,165.202.242.184
139,Hendrick,Sommerland,hsommerland12@biglobe.ne.jp,Male,150.193.154.246
140,Friederike,Casina,fcasina13@bigcartel.com,Genderqueer,249.23.96.177
141,Lula,Poston,lposton14@goodreads.com,Bigender,10.78.94.221
142,Bess,Teesdale,bteesdale15@google.pl,Bigender,213.17.216.165
143,Loreen,Cullagh,lcullagh16@adobe.com,Agender,221.98.56.176
144,Jarred,Scibsey,jscibsey17@cbsnews.com,Bigender,24.244.89.124
145,Nikolai,Longthorn,nlongthorn18@upenn.edu,Bigender,77.12.105.214
146,Grove,Welden,gwelden19@facebook.com,Genderqueer,119.170.224.253
147,Tammie,Windham,twindham1a@examiner.com,Non-binary,101.231.254.164
148,Andy,Pepall,apepall1b@senate.gov,Polygender,48.182.194.159
149,Riccardo,Kingsbury,rkingsbury1c@apple.com,Agender,174.127.80.112
150,Dael,Leys,dleys1d@webs.com,Female,210.254.91.5
151,Zita,Reggler,zreggler1e@theatlantic.com,Genderfluid,89.186.168.7
152,Rogerio,Frangello,rfrangello1f@360.cn,Agender,178.132.134.117
153,Nathalie,Gudgeon,ngudgeon1g@360.cn,Non-binary,88.228.103.164
154,Hedvige,Sturdgess,hsturdgess1h@ft.com,Female,118.203.108.2
155,Curcio,Petroff,cpetroff1i@cnn.com,Genderqueer,198.75.29.140
156,Barthel,Bankes,bbankes1j@ow.ly,Non-binary,96.253.206.109
157,Brigid,Pollastrino,bpollastrino1k@jigsy.com,Non-binary,90.79.85.86
158,Odessa,Trethowan,otrethowan1l@kickstarter.com,Female,198.118.230.239
159,Hurlee,Cow,hcow1m@indiatimes.com,Male,45.64.60.199
160,Derwin,Eburah,deburah1n@rakuten.co.jp,Female,90.9.253.26
161,Jayson,Bembrigg,jbembrigg1o@mlb.com,Female,14.201.53.17
162,Cecile,Earle,cearle1p@google.de,Non-binary,188.62.241.205
163,Cullie,Seally,cseally1q@tinypic.com,Genderfluid,48.251.233.236
164,Emili,Letessier,eletessier1r@jimdo.com,Male,4.38.120.193
165,Becca,Barthorpe,bbarthorpe1s@gravatar.com,Genderfluid,30.249.251.239
166,Dominga,Habbergham,dhabbergham1t@dedecms.com,Polygender,29.185.20.148
167,Jakie,Rozec,jrozec1u@ocn.ne.jp,Genderqueer,231.87.252.154
168,Robinett,Gounin,rgounin1v@businesswire.com,Polygender,229.14.37.89
169,Ealasaid,Cale,ecale1w@discuz.net,Non-binary,139.239.169.43
170,Price,Gilberthorpe,pgilberthorpe1x@omniture.com,Non-binary,74.239.16.240
171,Agathe,Gronw,agronw1y@shop-pro.jp,Polygender,221.116.106.54
172,Lynnet,MacGibbon,lmacgibbon1z@google.fr,Agender,1.67.242.74
173,Tessi,Doby,tdoby20@wikimedia.org,Non-binary,212.166.192.179
174,Cherie,Flips,cflips21@hud.gov,Non-binary,4.91.148.255
175,Ronnica,Ramlot,rramlot22@reverbnation.com,Male,121.239.54.128
176,Antonietta,Navaro,anavaro23@vkontakte.ru,Bigender,47.42.243.54
177,Angelique,Shekle,ashekle24@geocities.jp,Non-binary,17.125.44.100
178,Mignon,Yakolev,myakolev25@about.com,Genderqueer,96.41.48.236
179,Hillery,Norcutt,hnorcutt26@ed.gov,Genderfluid,50.33.61.214
180,Zeke,Trewett,ztrewett27@mac.com,Polygender,251.140.98.62
181,Gabi,Labin,glabin28@opensource.org,Genderqueer,119.27.92.47
182,Euphemia,Sherburn,esherburn29@skype.com,Bigender,58.106.60.148
183,Harp,Lefley,hlefley2a@slate.com,Genderqueer,191.122.140.136
184,Jaclin,Pulman,jpulman2b@weather.com,Genderfluid,60.97.15.79
185,Teri,Gricks,tgricks2c@amazon.co.uk,Bigender,245.165.181.15
186,Abba,Fitter,afitter2d@mapquest.com,Agender,109.158.52.204
187,Floyd,Bastie,fbastie2e@vimeo.com,Bigender,85.64.223.252
188,Ranice,Rivlin,rrivlin2f@economist.com,Polygender,42.28.195.200
189,Sheeree,Gerholz,sgerholz2g@sciencedaily.com,Polygender,152.12.252.235
190,Pammi,Moreing,pmoreing2h@prnewswire.com,Bigender,139.118.237.129
191,Laney,Edden,ledden2i@dailymail.co.uk,Male,4.210.170.19
192,Perren,Blundel,pblundel2j@skyrock.com,Genderqueer,63.45.190.23
193,Mauricio,Yewman,myewman2k@bluehost.com,Genderqueer,243.200.208.104
194,Nanete,Grellier,ngrellier2l@skype.com,Genderfluid,218.61.26.221
195,Katharina,Waterfall,kwaterfall2m@noaa.gov,Female,153.161.103.246
196,Tommy,Taggett,ttaggett2n@skype.com,Bigender,198.132.222.90
197,Lesli,Castillo,lcastillo2o@privacy.gov.au,Non-binary,39.117.201.220
198,Benedikta,Farquharson,bfarquharson2p@tmall.com,Female,193.240.239.40
199,Shae,Ilson,silson2q@va.gov,Bigender,248.12.144.206
200,Cort,Room,croom2r@cam.ac.uk,Bigender,79.103.243.170
201,Morton,Leggott,mleggott2s@deviantart.com,Non-binary,183.187.239.62
202,Elsworth,Ostler,eostler2t@ca.gov,Female,26.11.232.219
203,Vitoria,Wisker,vwisker2u@hp.com,Female,212.234.115.246
204,Cassi,Hudson,chudson2v@biglobe.ne.jp,Male,126.106.58.235
205,Lark,Tumbelty,ltumbelty2w@smugmug.com,Bigender,156.74.150.248
206,Dani,Stiddard,dstiddard2x@nyu.edu,Bigender,221.152.245.49
207,Estele,Gillan,egillan2y@prweb.com,Male,193.236.182.39
208,Karly,Fingleton,kfingleton2z@skyrock.com,Polygender,8.9.88.235
209,Julianne,Laxe,jlaxe30@rediff.com,Female,63.16.196.242
210,Agace,D'Andrea,adandrea31@wikimedia.org,Bigender,208.161.42.58
211,Lorain,Hexam,lhexam32@state.gov,Male,28.148.166.11
212,Renado,Cowx,rcowx33@google.es,Agender,160.248.17.91
213,Lenora,Dayer,ldayer34@comsenz.com,Agender,104.226.152.40
214,Hi,Jaine,hjaine35@chron.com,Male,108.168.199.237
215,Hamnet,Stooders,hstooders36@yahoo.co.jp,Genderfluid,214.230.174.79
216,Spike,Hanbury,shanbury37@tmall.com,Agender,171.79.208.89
217,Theo,Houtbie,thoutbie38@vkontakte.ru,Genderfluid,152.83.13.194
218,Marcia,Cromwell,mcromwell39@timesonline.co.uk,Genderqueer,137.144.218.56
219,Langsdon,Mattiussi,lmattiussi3a@reddit.com,Male,241.56.218.41
220,Arvy,Duker,aduker3b@rambler.ru,Non-binary,19.104.214.108
221,Noelle,Radki,nradki3c@edublogs.org,Agender,13.234.55.21
222,Tyrone,Peerman,tpeerman3d@nature.com,Agender,61.198.31.26
223,Kris,Khidr,kkhidr3e@ucoz.com,Polygender,16.24.116.181
224,Celestyna,Gindghill,cgindghill3f@google.it,Agender,197.228.161.172
225,Sasha,Siggery,ssiggery3g@cloudflare.com,Male,104.125.158.224
226,Kat,Stiell,kstiell3h@foxnews.com,Genderfluid,99.162.117.86
227,Robin,Labbett,rlabbett3i@imgur.com,Agender,66.38.97.143
228,Antonino,Sansom,asansom3j@ihg.com,Female,223.232.53.34
229,Martyn,Cabena,mcabena3k@globo.com,Female,0.241.75.209
230,Wiley,Josephy,wjosephy3l@guardian.co.uk,Genderfluid,155.135.103.120
231,Biddie,Dredge,bdredge3m@ameblo.jp,Genderfluid,184.201.64.20
232,Othelia,Hyams,ohyams3n@hostgator.com,Genderfluid,202.230.219.130
233,Melloney,Sibylla,msibylla3o@ow.ly,Female,66.184.42.234
234,Kania,Sanpere,ksanpere3p@amazon.co.jp,Polygender,80.136.217.37
235,Teresina,Lorimer,tlorimer3q@acquirethisname.com,Genderqueer,76.34.117.212
236,Rowan,Bolderoe,rbolderoe3r@salon.com,Non-binary,19.6.125.107
237,Cleo,Cramp,ccramp3s@reddit.com,Polygender,46.144.130.237
238,Jemimah,Reilly,jreilly3t@theguardian.com,Female,165.119.250.123
239,Reinaldos,De la Zenne,rdelazenne3u@gravatar.com,Non-binary,131.119.78.225
240,Agosto,McGilvra,amcgilvra3v@ucoz.ru,Agender,233.232.21.97
241,Rosalie,Mersh,rmersh3w@walmart.com,Genderqueer,68.243.206.209
242,Hatty,Arnowitz,harnowitz3x@discuz.net,Agender,145.77.112.120
243,Barnebas,McAuliffe,bmcauliffe3y@tripadvisor.com,Genderqueer,95.182.211.67
244,Bing,Willatts,bwillatts3z@soundcloud.com,Male,19.190.22.85
245,Ross,Eayres,reayres40@loc.gov,Genderfluid,128.183.114.178
246,Elmira,Kenworth,ekenworth41@flickr.com,Genderqueer,126.225.124.227
247,Thayne,Holston,tholston42@noaa.gov,Bigender,243.99.149.52
248,Ninon,Allward,nallward43@sun.com,Bigender,194.217.124.25
249,Kassey,Tottle,ktottle44@infoseek.co.jp,Genderqueer,138.199.97.123
250,Hillery,Lapere,hlapere45@bbc.co.uk,Bigender,157.83.219.9
251,Stella,Galgey,sgalgey46@yellowbook.com,Non-binary,126.38.212.170
252,Rikki,Marco,rmarco47@amazon.de,Polygender,168.119.27.199
253,Fedora,Linskill,flinskill48@shop-pro.jp,Polygender,213.16.117.69
254,Kelli,Parlet,kparlet49@timesonline.co.uk,Bigender,159.199.98.91
255,Roxy,Puleque,rpuleque4a@netlog.com,Agender,48.37.219.159
256,Linette,Simony,lsimony4b@ebay.co.uk,Bigender,174.67.144.20
257,Lawry,Muttock,lmuttock4c@patch.com,Agender,221.195.76.118
258,Tessi,Shilburne,tshilburne4d@csmonitor.com,Male,12.198.79.253
259,Xerxes,Silmon,xsilmon4e@utexas.edu,Polygender,234.163.92.56
260,Orlando,Redgrove,oredgrove4f@hatena.ne.jp,Non-binary,2.21.227.145
261,Avis,Ziemens,aziemens4g@unc.edu,Non-binary,200.216.215.49
262,Dinnie,Storror,dstorror4h@cafepress.com,Agender,120.58.139.212
263,Wood,Teague,wteague4i@soundcloud.com,Agender,158.85.29.43
264,Noel,Mollitt,nmollitt4j@china.com.cn,Male,21.2.86.217
265,Irina,Charon,icharon4k@surveymonkey.com,Agender,205.202.249.207
266,Cindy,Pigeram,cpigeram4l@booking.com,Polygender,165.87.85.69
267,Jarad,Corps,jcorps4m@macromedia.com,Agender,61.202.93.195
268,Howey,Dibbin,hdibbin4n@answers.com,Female,149.55.43.129
269,Anastassia,Catmull,acatmull4o@blogspot.com,Agender,43.115.119.3
270,Derwin,Aldham,daldham4p@army.mil,Non-binary,135.152.58.15
271,Virgilio,Crispe,vcrispe4q@delicious.com,Non-binary,217.41.167.127
272,Jorgan,Hars,jhars4r@rediff.com,Female,230.0.11.146
273,Gertrud,Faraday,gfaraday4s@disqus.com,Genderfluid,63.38.101.179
274,Meredith,Tritten,mtritten4t@msn.com,Genderqueer,243.208.80.126
275,Kinnie,Crystal,kcrystal4u@latimes.com,Female,199.112.150.198
276,Rosalyn,Bedlington,rbedlington4v@1688.com,Male,216.83.130.119
277,Arri,Tattersdill,atattersdill4w@trellian.com,Polygender,21.216.86.76
278,Rene,Storton,rstorton4x@economist.com,Male,217.4.10.73
279,Augustus,Ivanitsa,aivanitsa4y@craigslist.org,Bigender,156.6.64.35
280,Benjie,Taylo,btaylo4z@jimdo.com,Genderfluid,179.17.144.34
281,Whitaker,Hakes,whakes50@plala.or.jp,Genderfluid,120.95.68.254
282,Ethelbert,Murty,emurty51@google.co.uk,Genderfluid,245.23.137.201
283,Ramon,Woolhouse,rwoolhouse52@scribd.com,Genderfluid,216.228.105.90
284,Pearl,McClounan,pmcclounan53@vkontakte.ru,Genderqueer,109.153.6.32
285,Clem,Fippe,cfippe54@stumbleupon.com,Agender,175.219.9.189
286,Guido,Crolla,gcrolla55@bizjournals.com,Bigender,105.154.149.102
287,Leo,Ching,lching56@bluehost.com,Genderqueer,108.13.164.91
288,Krysta,Clementucci,kclementucci57@auda.org.au,Non-binary,121.123.28.208
289,Natassia,Lethardy,nlethardy58@soup.io,Polygender,23.251.200.86
290,Cory,Dobsons,cdobsons59@deviantart.com,Genderqueer,70.78.195.16
291,Casi,Nellies,cnellies5a@bandcamp.com,Male,36.116.57.200
292,Maxwell,Gulleford,mgulleford5b@uol.com.br,Polygender,188.109.161.40
293,Garv,Ord,gord5c@nps.gov,Female,160.229.8.169
294,Candi,Swaffield,cswaffield5d@latimes.com,Polygender,209.235.49.249
295,Cornall,Orth,corth5e@about.com,Non-binary,239.252.176.39
296,Myra,Childrens,mchildrens5f@home.pl,Female,44.187.131.214
297,Kelby,Cutchey,kcutchey5g@jigsy.com,Polygender,176.18.215.93
298,Farrell,Wasling,fwasling5h@patch.com,Bigender,93.251.182.57
299,Fiorenze,Gagan,fgagan5i@paypal.com,Male,3.184.191.73
300,Cletis,Verne,cverne5j@shop-pro.jp,Female,117.48.148.132
301,Romain,Grunnill,rgrunnill5k@whitehouse.gov,Non-binary,73.247.137.83
302,Erinn,Rey,erey5l@skype.com,Female,81.110.159.18
303,Ailyn,Kovnot,akovnot5m@usa.gov,Female,116.51.143.210
304,Arturo,Mastrantone,amastrantone5n@google.com.br,Genderfluid,101.175.219.182
305,Jerome,Zanuciolii,jzanuciolii5o@un.org,Agender,96.22.152.219
306,Kellina,Chadd,kchadd5p@godaddy.com,Bigender,162.164.104.53
307,Meghan,Naire,mnaire5q@walmart.com,Bigender,142.86.230.144
308,Angy,Elston,aelston5r@homestead.com,Non-binary,183.29.210.28
309,Sissy,Freestone,sfreestone5s@phoca.cz,Polygender,152.41.152.64
310,Travers,Digger,tdigger5t@ocn.ne.jp,Male,36.60.21.121
311,Joachim,Daid,jdaid5u@canalblog.com,Male,193.130.118.29
312,Beckie,Dearle-Palser,bdearlepalser5v@cbsnews.com,Genderfluid,3.17.33.167
313,Dante,Spreadbury,dspreadbury5w@foxnews.com,Agender,112.177.1.46
314,Marlow,Trubshawe,mtrubshawe5x@yandex.ru,Male,88.209.230.42
315,Anthiathia,Weins,aweins5y@hp.com,Non-binary,82.197.169.250
316,Mamie,Piddick,mpiddick5z@cyberchimps.com,Polygender,16.42.172.239
317,Standford,Flack,sflack60@ow.ly,Genderfluid,34.227.222.134
318,Seana,Laidlaw,slaidlaw61@statcounter.com,Male,67.72.255.46
319,Niki,Duer,nduer62@sciencedirect.com,Non-binary,150.28.248.133
320,Ulrick,Jiruca,ujiruca63@vkontakte.ru,Non-binary,45.115.90.69
321,Karisa,Viste,kviste64@godaddy.com,Female,69.151.197.47
322,Barton,Robecon,brobecon65@live.com,Male,19.228.19.196
323,Fifine,Heugle,fheugle66@dropbox.com,Polygender,208.3.13.215
324,Hayward,Greenfield,hgreenfield67@goo.gl,Polygender,193.119.100.233
325,Abel,Pleasaunce,apleasaunce68@huffingtonpost.com,Agender,57.113.57.70
326,Zerk,Beminster,zbeminster69@shinystat.com,Genderfluid,224.253.107.215
327,Lennard,McAllester,lmcallester6a@home.pl,Female,57.201.177.43
328,Andee,Ruppeli,aruppeli6b@a8.net,Genderqueer,107.44.148.61
329,Moritz,Oehm,moehm6c@51.la,Genderqueer,81.91.253.125
330,Marrilee,Fawbert,mfawbert6d@google.nl,Female,127.83.59.200
331,Drew,Mammatt,dmammatt6e@lycos.com,Polygender,252.72.218.208
332,Hamilton,Sanders,hsanders6f@tripadvisor.com,Agender,57.112.183.52
333,Myrtle,Wykey,mwykey6g@alibaba.com,Genderfluid,115.120.107.124
334,Quillan,Mannie,qmannie6h@twitpic.com,Genderfluid,153.133.206.9
335,Tami,Laurisch,tlaurisch6i@odnoklassniki.ru,Agender,195.183.35.0
336,Dillie,Luparto,dluparto6j@dailymail.co.uk,Genderqueer,135.28.117.239
337,Jaime,Skotcher,jskotcher6k@163.com,Agender,252.237.110.40
338,Merv,Edgworth,medgworth6l@sbwire.com,Non-binary,196.255.224.235
339,Nellie,Trethowan,ntrethowan6m@statcounter.com,Female,171.117.161.95
340,Boot,Dikle,bdikle6n@google.es,Male,244.58.43.38
341,Odette,Klimowicz,oklimowicz6o@dyndns.org,Genderfluid,126.239.231.60
342,Georgeanna,Gillford,ggillford6p@privacy.gov.au,Genderfluid,248.185.118.22
343,Saunderson,Hencke,shencke6q@privacy.gov.au,Genderfluid,66.84.251.210
344,Avrom,Huxtable,ahuxtable6r@twitter.com,Polygender,158.131.30.246
345,Anne-marie,Grimsell,agrimsell6s@mozilla.org,Genderfluid,184.113.101.92
346,Gilberto,Czadla,gczadla6t@booking.com,Genderfluid,62.253.235.162
347,Travus,Filkov,tfilkov6u@weather.com,Male,111.212.50.146
348,Scarlett,Spinella,sspinella6v@google.es,Non-binary,201.216.10.213
349,Tammie,McShirie,tmcshirie6w@freewebs.com,Polygender,166.173.64.146
350,Neron,Winteringham,nwinteringham6x@vkontakte.ru,Genderqueer,165.112.216.113
351,Kathrine,Cowle,kcowle6y@upenn.edu,Male,39.6.144.224
352,Joann,Hydes,jhydes6z@dedecms.com,Polygender,105.88.55.231
353,Linn,Carrick,lcarrick70@wp.com,Male,69.39.167.170
354,Chet,Crawforth,ccrawforth71@flavors.me,Non-binary,31.130.104.176
355,Tine,Maw,tmaw72@spiegel.de,Bigender,252.101.99.78
356,Anatol,Clampton,aclampton73@cornell.edu,Male,218.101.57.31
357,Bearnard,Merkel,bmerkel74@msu.edu,Genderfluid,237.191.77.153
358,Isadora,Farnaby,ifarnaby75@apache.org,Genderqueer,235.47.198.185
359,Koressa,Lintott,klintott76@examiner.com,Female,192.214.151.87
360,Alfy,Killeen,akilleen77@mayoclinic.com,Male,50.128.181.58
361,Camila,Grey,cgrey78@cnbc.com,Genderqueer,109.142.29.179
362,Katina,Almond,kalmond79@washington.edu,Genderfluid,114.145.17.76
363,Dexter,Josofovitz,djosofovitz7a@deviantart.com,Female,103.19.195.173
364,Sarine,Dunkinson,sdunkinson7b@godaddy.com,Polygender,98.235.98.54
365,Hillel,Palffrey,hpalffrey7c@cornell.edu,Polygender,226.158.127.31
366,Ira,Thams,ithams7d@github.io,Polygender,160.157.64.28
367,Klement,Olley,kolley7e@stanford.edu,Agender,135.2.6.243
368,Karoline,Cowdray,kcowdray7f@stanford.edu,Bigender,101.118.35.37
369,Consolata,Finding,cfinding7g@skyrock.com,Genderqueer,15.223.14.99
370,Dara,Slowey,dslowey7h@google.pl,Non-binary,56.67.73.191
371,Jamill,Claque,jclaque7i@tmall.com,Genderfluid,100.66.230.68
372,Alison,Headon,aheadon7j@goo.ne.jp,Female,203.64.228.1
373,Fifine,Regi,fregi7k@nbcnews.com,Genderqueer,200.105.106.41
374,Othella,Harvatt,oharvatt7l@jalbum.net,Polygender,68.221.209.1
375,Willi,Pickin,wpickin7m@w3.org,Non-binary,101.230.18.4
376,Betsy,Radage,bradage7n@discovery.com,Genderqueer,99.244.73.247
377,Milt,Grinnell,mgrinnell7o@pbs.org,Genderfluid,54.218.117.220
378,Davie,Weaving,dweaving7p@bluehost.com,Female,238.128.191.90
379,Bryna,Victoria,bvictoria7q@tinypic.com,Female,4.232.235.230
380,Eberto,Butson,ebutson7r@usa.gov,Genderqueer,1.201.93.71
381,Henrik,Eastwell,heastwell7s@businessinsider.com,Female,146.39.112.40
382,Jae,Jorg,jjorg7t@sourceforge.net,Male,56.216.33.93
383,Tiffy,Armor,tarmor7u@cnn.com,Genderqueer,70.226.120.78
384,Jeff,Jessope,jjessope7v@163.com,Bigender,107.118.154.176
385,Inger,Trebbett,itrebbett7w@multiply.com,Female,102.202.197.206
386,Diahann,Dugmore,ddugmore7x@paginegialle.it,Non-binary,86.3.215.248
387,Winny,McQuillan,wmcquillan7y@springer.com,Polygender,178.58.234.192
388,Tonnie,Beaten,tbeaten7z@mac.com,Agender,154.68.83.234
389,Niccolo,Klas,nklas80@nifty.com,Non-binary,19.65.156.27
390,Dunc,McGeown,dmcgeown81@cocolog-nifty.com,Male,243.35.172.54
391,Kelwin,Skurm,kskurm82@nytimes.com,Polygender,176.71.153.184
392,Wain,Berkery,wberkery83@yelp.com,Bigender,237.81.104.7
393,Damiano,Jiran,djiran84@freewebs.com,Polygender,117.179.169.232
394,Wendell,Kupker,wkupker85@ebay.com,Female,64.102.218.235
395,Errick,Szymonwicz,eszymonwicz86@fc2.com,Male,33.15.242.241
396,Letitia,Bysshe,lbysshe87@themeforest.net,Genderfluid,199.2.8.49
397,Ring,McMurthy,rmcmurthy88@cbslocal.com,Non-binary,87.119.89.203
398,Donny,Blackborne,dblackborne89@xing.com,Agender,78.199.208.255
399,Lyndel,Ebbitt,lebbitt8a@ibm.com,Genderqueer,4.25.62.164
400,Abbe,Bewley,abewley8b@pinterest.com,Male,206.68.64.241
401,Babbie,Egarr,begarr8c@prweb.com,Female,19.133.209.31
402,Giffie,Tutchell,gtutchell8d@newyorker.com,Bigender,89.23.227.220
403,Aurore,Costock,acostock8e@geocities.com,Non-binary,152.153.86.63
404,Archy,Cranidge,acranidge8f@hc360.com,Genderqueer,178.136.172.132
405,Ignacio,Give,igive8g@buzzfeed.com,Agender,147.214.5.120
406,Lilyan,Klement,lklement8h@patch.com,Genderqueer,70.9.162.3
407,Jobina,Lithgow,jlithgow8i@skype.com,Genderfluid,142.108.191.134
408,Doe,Heck,dheck8j@sohu.com,Genderqueer,78.248.116.223
409,Patric,Cohalan,pcohalan8k@ebay.com,Genderfluid,155.153.15.143
410,Antonella,Abbiss,aabbiss8l@hc360.com,Polygender,84.141.101.36
411,Irina,Gibbons,igibbons8m@reference.com,Genderqueer,70.66.114.120
412,Heriberto,Ungerechts,hungerechts8n@domainmarket.com,Agender,12.150.79.53
413,Aryn,Couser,acouser8o@istockphoto.com,Female,102.113.162.93
414,Davita,Lindop,dlindop8p@comsenz.com,Polygender,106.98.134.109
415,Wright,Burgett,wburgett8q@infoseek.co.jp,Genderfluid,9.140.24.198
416,Nydia,Lyle,nlyle8r@redcross.org,Female,215.119.247.5
417,Elianora,Kingscote,ekingscote8s@mail.ru,Polygender,176.93.129.216
418,Rafaela,Doudny,rdoudny8t@eventbrite.com,Genderqueer,145.95.134.29
419,Gaelan,MacSherry,gmacsherry8u@princeton.edu,Male,217.47.113.22
420,Marisa,Hosier,mhosier8v@cpanel.net,Male,164.154.19.253
421,Meade,Stidson,mstidson8w@opera.com,Genderfluid,22.172.228.91
422,Rafaelia,De Dei,rdedei8x@joomla.org,Non-binary,222.162.254.231
423,Genia,Munro,gmunro8y@ustream.tv,Genderqueer,235.176.216.50
424,Patricio,O'Reagan,poreagan8z@spiegel.de,Agender,32.142.35.142
425,Batsheva,Henkens,bhenkens90@constantcontact.com,Agender,20.137.240.253
426,Grazia,Carley,gcarley91@spotify.com,Genderqueer,179.206.46.236
427,Vaughn,Fair,vfair92@pbs.org,Female,124.222.187.229
428,Yasmin,Tunnock,ytunnock93@oracle.com,Bigender,183.218.248.100
429,Caria,Cazin,ccazin94@g.co,Genderqueer,175.230.239.58
430,Rheta,Smallthwaite,rsmallthwaite95@dion.ne.jp,Agender,203.73.101.152
431,Phylys,Pinnock,ppinnock96@economist.com,Bigender,184.18.251.255
432,Fredric,Espley,fespley97@so-net.ne.jp,Genderfluid,72.208.143.216
433,Albertina,Denzilow,adenzilow98@barnesandnoble.com,Polygender,63.229.71.91
434,Dal,Befroy,dbefroy99@answers.com,Genderfluid,191.171.193.199
435,Charlot,Dobble,cdobble9a@washingtonpost.com,Non-binary,217.146.1.129
436,Joelynn,Lumby,jlumby9b@mapquest.com,Agender,113.243.161.61
437,Ailsun,Ridder,aridder9c@digg.com,Genderfluid,119.0.192.226
438,Drucie,Espin,despin9d@boston.com,Polygender,195.242.203.248
439,Griff,Jeenes,gjeenes9e@spiegel.de,Female,126.66.125.97
440,Bettina,Dever,bdever9f@indiegogo.com,Non-binary,30.37.54.254
441,Rozina,Demeza,rdemeza9g@loc.gov,Non-binary,15.84.70.96
442,Sanderson,MacVay,smacvay9h@webs.com,Bigender,54.102.134.57
443,Peirce,Windross,pwindross9i@tripadvisor.com,Female,125.116.8.16
444,Colleen,Carefull,ccarefull9j@cisco.com,Non-binary,75.26.123.0
445,Lenna,Longdon,llongdon9k@cdbaby.com,Genderqueer,241.221.191.182
446,Jasen,Benka,jbenka9l@arstechnica.com,Bigender,185.232.250.207
447,Darice,Stockey,dstockey9m@google.es,Bigender,79.243.70.232
448,Mariele,Coggles,mcoggles9n@ibm.com,Genderqueer,119.70.44.79
449,Antonetta,Sherington,asherington9o@hao123.com,Polygender,204.181.144.148
450,Yank,Weippert,yweippert9p@nifty.com,Female,253.242.160.161
451,Dylan,Gurry,dgurry9q@lycos.com,Male,167.65.215.243
452,Jodi,Oxbury,joxbury9r@cafepress.com,Polygender,137.246.74.182
453,Bobbette,Gorrissen,bgorrissen9s@feedburner.com,Agender,186.20.29.35
454,Waneta,Skippen,wskippen9t@noaa.gov,Non-binary,127.233.169.169
455,Suzanna,Brevitt,sbrevitt9u@icio.us,Genderfluid,46.100.7.253
456,Ammamaria,Cherrett,acherrett9v@dagondesign.com,Genderfluid,57.20.85.226
457,Tremaine,Buckston,tbuckston9w@ocn.ne.jp,Female,255.77.48.15
458,Harlen,Primrose,hprimrose9x@microsoft.com,Female,3.171.234.61
459,Sianna,Cockaday,scockaday9y@etsy.com,Bigender,68.73.160.24
460,Janith,Orrey,jorrey9z@craigslist.org,Genderqueer,250.240.60.131
461,Gratia,Tallon,gtallona0@devhub.com,Male,31.88.99.228
462,Celestia,Ricker,crickera1@ted.com,Male,11.171.72.23
463,Hallie,Sommerfeld,hsommerfelda2@statcounter.com,Polygender,117.61.46.31
464,Charlton,Gillinghams,cgillinghamsa3@homestead.com,Genderfluid,86.103.82.156
465,Madelin,Le Lievre,mlelievrea4@sourceforge.net,Agender,160.94.47.14
466,Aguistin,Veness,avenessa5@mozilla.com,Non-binary,198.88.213.116
467,Brandon,Duffitt,bduffitta6@fotki.com,Bigender,210.183.44.46
468,Saw,Ksandra,sksandraa7@geocities.jp,Genderfluid,217.96.59.5
469,Griffie,Sammons,gsammonsa8@webmd.com,Female,110.170.108.86
470,Bernita,Bottle,bbottlea9@squidoo.com,Male,125.27.247.46
471,Merrily,Lorant,mlorantaa@cdc.gov,Polygender,177.166.123.73
472,Marris,Merrick,mmerrickab@ow.ly,Polygender,100.107.154.47
473,Eddy,Neachell,eneachellac@reuters.com,Male,159.47.211.28
474,Fonsie,Valentinetti,fvalentinettiad@cmu.edu,Genderfluid,87.44.60.246
475,Garvey,Rorke,grorkeae@harvard.edu,Male,254.28.136.134
476,Westbrook,Kidstoun,wkidstounaf@psu.edu,Agender,61.225.209.53
477,Etan,Hardware,ehardwareag@rediff.com,Genderqueer,52.199.150.150
478,Huntlee,Crohan,hcrohanah@sohu.com,Genderfluid,213.61.41.84
479,Genevieve,Philpault,gphilpaultai@oracle.com,Agender,10.186.104.96
480,Sheila-kathryn,Agett,sagettaj@jiathis.com,Polygender,202.187.68.122
481,Malia,Simla,msimlaak@ted.com,Agender,250.2.159.198
482,Cirstoforo,Rawdales,crawdalesal@mail.ru,Male,111.32.211.245
483,Casi,Kelmere,ckelmeream@cbsnews.com,Male,89.191.103.3
484,Ottilie,Oades,ooadesan@examiner.com,Agender,187.201.157.189
485,Giovanna,Raywood,graywoodao@sun.com,Genderfluid,59.39.92.112
486,Verge,Hamlett,vhamlettap@vk.com,Agender,142.55.6.117
487,Gamaliel,Poyzer,gpoyzeraq@reddit.com,Female,223.211.214.2
488,Gay,Krier,gkrierar@woothemes.com,Polygender,248.192.42.22
489,Brunhilda,Ivatt,bivattas@techcrunch.com,Agender,36.232.190.45
490,Orsa,Lerwill,olerwillat@bloomberg.com,Agender,220.4.24.141
491,Pegeen,McCrystal,pmccrystalau@twitter.com,Agender,117.162.211.220
492,Pamella,Leyshon,pleyshonav@typepad.com,Agender,52.32.121.115
493,Nilson,Crummay,ncrummayaw@illinois.edu,Agender,187.54.234.13
494,Lishe,Nagle,lnagleax@dot.gov,Agender,187.67.153.145
495,Rora,Shipley,rshipleyay@usgs.gov,Female,174.151.40.142
496,Irvin,Laurentin,ilaurentinaz@yale.edu,Genderqueer,95.233.97.85
497,Lusa,Somerled,lsomerledb0@pbs.org,Non-binary,32.25.58.36
498,Agretha,Brownsea,abrownseab1@google.com.hk,Agender,240.161.123.170
499,Brody,Ickovici,bickovicib2@google.es,Polygender,173.179.92.232
500,Margaret,Pelzer,mpelzerb3@washington.edu,Agender,20.67.219.135
501,Nickolaus,Jewsbury,njewsburyb4@ifeng.com,Male,179.182.52.22
502,Brooks,Sor,bsorb5@liveinternet.ru,Polygender,116.226.29.111
503,Eugine,Dalyell,edalyellb6@wiley.com,Male,208.98.174.180
504,Cleo,Meuse,cmeuseb7@oaic.gov.au,Bigender,164.73.144.135
505,Ermengarde,Rickis,erickisb8@newyorker.com,Non-binary,204.10.162.240
506,Abba,Gostridge,agostridgeb9@samsung.com,Genderfluid,230.149.3.130
507,Paten,Badam,pbadamba@cisco.com,Bigender,11.119.185.207
508,Aileen,Chamberlain,achamberlainbb@dell.com,Polygender,212.166.250.88
509,Conrado,Bouts,cboutsbc@goo.gl,Agender,72.134.116.242
510,Kliment,Denson,kdensonbd@newyorker.com,Female,97.91.58.25
511,Pooh,Hamsher,phamsherbe@wired.com,Polygender,191.4.108.68
512,Janela,Minithorpe,jminithorpebf@ed.gov,Male,44.213.52.84
513,Amelia,Knowles,aknowlesbg@linkedin.com,Male,146.183.156.240
514,Fidela,MacMichael,fmacmichaelbh@redcross.org,Genderfluid,67.165.112.32
515,Jenica,Barwack,jbarwackbi@cnbc.com,Polygender,99.192.108.251
516,Carly,Toke,ctokebj@cisco.com,Non-binary,10.159.24.73
517,Martha,Bilam,mbilambk@flavors.me,Polygender,214.225.148.182
518,Ferris,Sermin,fserminbl@pen.io,Bigender,119.99.157.207
519,Doretta,Aseef,daseefbm@dedecms.com,Female,122.102.30.85
520,Lynett,Kubalek,lkubalekbn@blogs.com,Bigender,237.41.80.83
521,Corny,Tustin,ctustinbo@nhs.uk,Agender,199.14.132.111
522,Kath,Kauschke,kkauschkebp@yahoo.com,Genderfluid,254.96.138.134
523,Windy,Koenen,wkoenenbq@ucsd.edu,Genderqueer,103.139.180.106
524,Ashley,Jermy,ajermybr@google.pl,Genderfluid,7.96.28.213
525,Welbie,Bunston,wbunstonbs@tamu.edu,Male,88.244.42.3
526,Bernard,Littlemore,blittlemorebt@samsung.com,Non-binary,9.78.0.228
527,Zonnya,Erickssen,zerickssenbu@exblog.jp,Bigender,241.252.187.60
528,Brina,Concannon,bconcannonbv@facebook.com,Bigender,203.126.87.85
529,Christean,Moulster,cmoulsterbw@marketwatch.com,Non-binary,216.230.62.27
530,Jill,Balasini,jbalasinibx@noaa.gov,Bigender,14.121.178.82
531,Rhys,Story,rstoryby@usa.gov,Bigender,139.199.28.233
532,Nissy,O'Boyle,noboylebz@webeden.co.uk,Female,146.137.6.18
533,Abby,O'Toole,aotoolec0@stanford.edu,Bigender,62.122.231.16
534,Eddy,Triplet,etripletc1@nationalgeographic.com,Bigender,98.237.197.166
535,Kermit,Lamplugh,klamplughc2@sitemeter.com,Non-binary,22.188.159.7
536,Arne,Batha,abathac3@multiply.com,Agender,35.254.173.170
537,Wilbur,McPharlain,wmcpharlainc4@discovery.com,Polygender,111.1.213.65
538,Greg,Mouatt,gmouattc5@ibm.com,Bigender,104.162.254.213
539,Dominica,McLise,dmclisec6@google.com,Female,70.3.130.12
540,Rhody,Aphale,raphalec7@noaa.gov,Bigender,211.155.236.86
541,Madel,Batterbee,mbatterbeec8@digg.com,Female,241.162.183.24
542,Seamus,Vercruysse,svercruyssec9@typepad.com,Polygender,107.237.173.107
543,Bethany,Kordt,bkordtca@boston.com,Male,123.217.82.174
544,Tatiania,Hinsche,thinschecb@msn.com,Non-binary,71.188.106.186
545,Evie,Easdon,eeasdoncc@usatoday.com,Male,193.139.122.140
546,Amil,Cawdery,acawderycd@illinois.edu,Bigender,19.109.72.88
547,Harlin,Ramalho,hramalhoce@jugem.jp,Male,207.81.155.196
548,Leanor,Carine,lcarinecf@ehow.com,Polygender,99.226.96.83
549,Sutherland,Ritchman,sritchmancg@marketwatch.com,Agender,186.183.114.178
550,Keriann,Elcombe,kelcombech@miibeian.gov.cn,Bigender,238.81.139.14
551,Itch,Kilpatrick,ikilpatrickci@howstuffworks.com,Female,84.57.214.131
552,Marjy,Canwell,mcanwellcj@usda.gov,Non-binary,146.189.196.129
553,Mortimer,Hindes,mhindesck@tmall.com,Non-binary,43.85.88.191
554,Steffane,Marrill,smarrillcl@google.co.jp,Non-binary,201.45.250.29
555,Polly,Deschelle,pdeschellecm@nature.com,Agender,180.239.2.100
556,Camille,Fratczak,cfratczakcn@accuweather.com,Genderqueer,67.184.200.161
557,Philbert,Suggey,psuggeyco@xrea.com,Genderqueer,148.78.96.180
558,Liana,Bolzen,lbolzencp@1und1.de,Male,43.229.113.60
559,Gibby,Ditter,gdittercq@behance.net,Agender,102.255.90.196
560,Maighdiln,Sorley,msorleycr@1und1.de,Genderfluid,176.230.254.109
561,Heall,Tappin,htappincs@ucoz.ru,Genderqueer,120.116.83.63
562,Gillian,Esbrook,gesbrookct@liveinternet.ru,Bigender,113.23.7.54
563,Nikki,Escudier,nescudiercu@nyu.edu,Bigender,44.18.152.50
564,Whittaker,Petr,wpetrcv@i2i.jp,Agender,100.1.83.214
565,Sal,De Ruel,sderuelcw@wikispaces.com,Genderqueer,216.85.175.26
566,Adair,MacAllester,amacallestercx@mtv.com,Female,117.159.172.149
567,Dore,Olligan,dolligancy@mediafire.com,Female,195.49.23.89
568,Maggie,Yeoman,myeomancz@example.com,Genderfluid,2.130.207.91
569,Dierdre,Urwen,durwend0@adobe.com,Agender,221.214.129.17
570,Wilmar,Bremen,wbremend1@sbwire.com,Genderqueer,228.5.163.124
571,Bili,Davie,bdavied2@miibeian.gov.cn,Genderqueer,39.27.82.49
572,Delores,Frichley,dfrichleyd3@wikia.com,Female,19.11.80.193
573,Carlynn,Hindes,chindesd4@shutterfly.com,Polygender,96.173.106.36
574,Stevena,Ritter,sritterd5@admin.ch,Polygender,173.255.79.63
575,Aryn,Noble,anobled6@unc.edu,Male,250.124.199.73
576,Shae,Feldstern,sfeldsternd7@nih.gov,Non-binary,250.28.75.224
577,Lorianna,Sprowell,lsprowelld8@macromedia.com,Non-binary,206.252.145.238
578,Ara,Larner,alarnerd9@ft.com,Genderfluid,66.56.120.219
579,Weylin,Campa,wcampada@aboutads.info,Male,244.75.97.137
580,Ellyn,Assandri,eassandridb@tiny.cc,Polygender,69.183.2.147
581,Justus,Chattey,jchatteydc@home.pl,Genderqueer,191.140.165.2
582,Cristy,Dulinty,cdulintydd@mediafire.com,Female,181.44.148.151
583,Wren,Pietrzak,wpietrzakde@freewebs.com,Female,188.96.106.7
584,Marje,Mapledoram,mmapledoramdf@dyndns.org,Agender,87.232.116.25
585,Jack,Wallage,jwallagedg@icq.com,Polygender,139.204.5.156
586,Brnaba,Mathe,bmathedh@adobe.com,Genderfluid,29.62.21.147
587,Salomone,Candish,scandishdi@narod.ru,Male,103.140.115.245
588,Ruggiero,Fradgley,rfradgleydj@histats.com,Agender,97.30.211.218
589,Tania,Beilby,tbeilbydk@linkedin.com,Female,117.81.95.167
590,Keri,Mattiato,kmattiatodl@mediafire.com,Polygender,70.158.7.135
591,Truman,Guard,tguarddm@mlb.com,Female,111.16.20.57
592,Danyette,Varndell,dvarndelldn@nature.com,Non-binary,88.68.55.213
593,Shem,Shillitoe,sshillitoedo@huffingtonpost.com,Genderfluid,48.79.143.67
594,Haley,Hans,hhansdp@newyorker.com,Male,123.101.179.49
595,Claresta,Selley,cselleydq@google.de,Female,239.32.146.101
596,Tabby,Hedylstone,thedylstonedr@springer.com,Genderqueer,87.237.168.252
597,Tresa,Breens,tbreensds@ucla.edu,Genderfluid,1.57.166.96
598,Tessy,Dayce,tdaycedt@dot.gov,Bigender,75.80.248.215
599,Jaymee,Hayman,jhaymandu@mlb.com,Genderqueer,69.35.138.10
600,Laverna,Mathelin,lmathelindv@nasa.gov,Bigender,161.182.164.186
601,Justino,Swindles,jswindlesdw@mit.edu,Non-binary,237.224.143.30
602,Conant,Gunny,cgunnydx@engadget.com,Agender,140.225.133.155
603,Adeline,Meaden,ameadendy@nydailynews.com,Female,230.251.253.149
604,Karoly,Ciccerale,kcicceraledz@gnu.org,Female,107.166.149.99
605,Terza,Etoile,tetoilee0@va.gov,Genderfluid,215.188.158.1
606,Robbi,Chinge de Hals,rchingedehalse1@wisc.edu,Agender,125.252.30.105
607,Jakob,Martina,jmartinae2@fc2.com,Male,13.111.54.89
608,Kassey,Laurisch,klaurische3@sitemeter.com,Female,214.38.108.7
609,Bell,Hartmann,bhartmanne4@msu.edu,Genderfluid,0.64.184.100
610,Micky,Sutherington,msutheringtone5@creativecommons.org,Bigender,226.33.36.46
611,Turner,Speere,tspeeree6@chicagotribune.com,Genderfluid,71.65.152.228
612,Myra,Redgrove,mredgrovee7@hostgator.com,Bigender,101.22.12.2
613,Stephan,D'Agostino,sdagostinoe8@yahoo.com,Non-binary,235.243.97.115
614,Carey,Ellissen,cellissene9@army.mil,Non-binary,206.241.136.50
615,Erhard,Mariette,emarietteea@dagondesign.com,Agender,21.125.249.206
616,Creight,Grimble,cgrimbleeb@vimeo.com,Female,119.18.76.17
617,Ephraim,De Giorgio,edegiorgioec@webeden.co.uk,Genderqueer,45.66.4.224
618,Matthew,Iggalden,miggaldened@mapy.cz,Female,143.10.222.121
619,Erick,Benam,ebenamee@live.com,Male,251.143.13.33
620,Tova,Allward,tallwardef@hugedomains.com,Genderfluid,121.50.111.65
621,Somerset,Bertrand,sbertrandeg@nydailynews.com,Male,247.25.178.240
622,Nert,Cake,ncakeeh@xing.com,Genderfluid,170.134.9.182
623,Jammie,Solesbury,jsolesburyei@tinypic.com,Genderqueer,117.233.119.147
624,Boote,Smallridge,bsmallridgeej@dion.ne.jp,Bigender,14.18.132.118
625,Charin,Goldthorpe,cgoldthorpeek@booking.com,Bigender,17.187.44.160
626,Brana,Kitto,bkittoel@usgs.gov,Polygender,164.110.70.84
627,Dian,Masi,dmasiem@nhs.uk,Female,39.172.122.144
628,Ganny,Halahan,ghalahanen@reference.com,Polygender,109.204.144.179
629,Ginelle,Scaddon,gscaddoneo@artisteer.com,Polygender,173.8.170.10
630,Tarrah,Kingstne,tkingstneep@nba.com,Genderqueer,140.245.175.249
631,Iggy,Pearson,ipearsoneq@samsung.com,Genderqueer,179.29.116.151
632,Dasya,Paoletto,dpaolettoer@narod.ru,Female,166.52.202.125
633,Charlotta,Leftley,cleftleyes@addthis.com,Polygender,176.69.76.150
634,Town,Bleier,tbleieret@nps.gov,Agender,0.53.32.27
635,Lettie,Conneau,lconneaueu@edublogs.org,Female,51.13.121.113
636,Cheston,Ventris,cventrisev@lulu.com,Bigender,118.111.79.75
637,Chaddy,Templman,ctemplmanew@dot.gov,Male,63.166.34.189
638,Doroteya,Flucker,dfluckerex@goo.ne.jp,Male,34.244.123.248
639,Amitie,Essex,aessexey@craigslist.org,Agender,42.198.254.231
640,Marcus,Kisbee,mkisbeeez@example.com,Bigender,105.63.124.105
641,Britte,Antonio,bantoniof0@mozilla.com,Genderqueer,162.142.214.58
642,Taddeo,Cabotto,tcabottof1@hubpages.com,Polygender,18.163.151.43
643,Siffre,Heams,sheamsf2@canalblog.com,Male,29.104.221.242
644,Cinderella,Strutley,cstrutleyf3@senate.gov,Bigender,231.98.196.182
645,Emmaline,Till,etillf4@123-reg.co.uk,Agender,136.211.22.182
646,Augustine,Aiton,aaitonf5@usgs.gov,Female,173.132.70.174
647,Claybourne,Gabotti,cgabottif6@yandex.ru,Genderfluid,30.48.150.232
648,Kennedy,Parncutt,kparncuttf7@canalblog.com,Non-binary,231.159.172.249
649,Guido,Seddon,gseddonf8@scientificamerican.com,Male,182.247.128.186
650,Kissie,Tincey,ktinceyf9@aol.com,Agender,92.124.98.147
651,Sterne,Crowthe,scrowthefa@reverbnation.com,Polygender,191.29.38.167
652,Lyssa,Wind,lwindfb@yelp.com,Non-binary,156.182.134.10
653,Conrado,Beggi,cbeggifc@pcworld.com,Non-binary,199.25.141.118
654,Artemas,Gibbon,agibbonfd@apache.org,Genderqueer,194.88.61.206
655,Harp,O'Doohaine,hodoohainefe@infoseek.co.jp,Agender,37.251.195.99
656,Fayina,Irons,fironsff@mtv.com,Female,12.35.5.226
657,Rhody,Iacovino,riacovinofg@unblog.fr,Female,123.87.145.21
658,Helli,Duckfield,hduckfieldfh@g.co,Agender,36.142.232.117
659,Kandace,Feifer,kfeiferfi@google.it,Bigender,2.140.64.142
660,Ayn,Berrisford,aberrisfordfj@arizona.edu,Male,200.135.69.219
661,Parke,Fishe,pfishefk@is.gd,Genderfluid,115.38.236.48
662,Wilhelmina,Blaxton,wblaxtonfl@artisteer.com,Bigender,155.104.62.122
663,Jerad,Volcker,jvolckerfm@timesonline.co.uk,Female,133.250.156.46
664,Janina,Bandiera,jbandierafn@europa.eu,Female,147.94.226.253
665,Raymund,Kynvin,rkynvinfo@meetup.com,Female,250.137.207.45
666,Lin,Gorce,lgorcefp@discuz.net,Bigender,27.9.76.92
667,Allissa,Roddick,aroddickfq@soundcloud.com,Genderfluid,231.184.10.245
668,Hashim,Justun,hjustunfr@hubpages.com,Genderqueer,168.40.20.16
669,Aldis,Trahar,atraharfs@ucoz.com,Female,57.32.32.92
670,Sari,Brinkman,sbrinkmanft@comcast.net,Female,144.194.245.52
671,Jerrilee,Jakeman,jjakemanfu@google.ca,Male,38.159.179.184
672,Koral,Crumpe,kcrumpefv@nhs.uk,Polygender,33.1.136.213
673,Darell,Habin,dhabinfw@yahoo.co.jp,Genderqueer,175.210.218.103
674,Dennie,Franklen,dfranklenfx@theglobeandmail.com,Genderfluid,249.66.178.152
675,Rosalind,Crocetto,rcrocettofy@sourceforge.net,Female,103.64.30.203
676,Stephi,Dobney,sdobneyfz@exblog.jp,Agender,251.83.226.148
677,Shayne,Gaveltone,sgaveltoneg0@wikipedia.org,Non-binary,134.31.118.55
678,Issiah,Glackin,iglacking1@slate.com,Bigender,212.130.90.67
679,Mari,Kelinge,mkelingeg2@weebly.com,Genderqueer,237.129.139.11
680,Juana,Edmonson,jedmonsong3@sciencedirect.com,Genderqueer,118.131.248.152
681,Stinky,Trethowan,strethowang4@meetup.com,Agender,236.190.117.100
682,Teirtza,Belsher,tbelsherg5@123-reg.co.uk,Genderfluid,199.138.118.97
683,Brennen,Pinckney,bpinckneyg6@patch.com,Polygender,70.88.81.66
684,Andie,Dafydd,adafyddg7@ustream.tv,Bigender,66.84.148.59
685,Miles,Cominello,mcominellog8@ca.gov,Female,196.214.247.98
686,Anita,Strognell,astrognellg9@google.nl,Non-binary,211.13.62.26
687,Dukie,Edyson,dedysonga@who.int,Agender,86.204.44.151
688,Cart,Le Conte,clecontegb@salon.com,Male,122.170.255.158
689,Gabbie,Barrus,gbarrusgc@cbslocal.com,Non-binary,134.183.153.60
690,Benjamen,Kern,bkerngd@paypal.com,Male,21.45.232.248
691,Lissa,Morrallee,lmorralleege@mac.com,Agender,17.185.206.197
692,Erasmus,Kiera,ekieragf@oaic.gov.au,Bigender,85.195.123.225
693,Netta,Gaitone,ngaitonegg@ovh.net,Bigender,30.132.90.199
694,Carol-jean,Mariyushkin,cmariyushkingh@princeton.edu,Genderqueer,32.27.80.6
695,Joey,Seniour,jseniourgi@sogou.com,Genderqueer,205.36.13.46
696,Shanan,Mothersdale,smothersdalegj@cbsnews.com,Male,115.209.21.161
697,Heath,Pettersen,hpettersengk@microsoft.com,Agender,47.86.142.30
698,Marijo,Knill,mknillgl@columbia.edu,Polygender,32.114.75.254
699,Sylvia,Ayto,saytogm@ca.gov,Genderqueer,235.60.28.174
700,Cinderella,Alessandrini,calessandrinign@jalbum.net,Genderqueer,145.96.59.13
701,Ogden,Cornew,ocornewgo@aboutads.info,Non-binary,48.12.52.209
702,Ralina,Glanville,rglanvillegp@hubpages.com,Male,121.70.76.214
703,Mechelle,McNerlin,mmcnerlingq@umich.edu,Agender,19.48.29.46
704,Neysa,Vannacci,nvannaccigr@newyorker.com,Bigender,97.50.213.239
705,Nicki,Bowfin,nbowfings@hp.com,Genderfluid,90.141.5.230
706,Persis,Weeden,pweedengt@hc360.com,Polygender,4.172.60.162
707,Caz,Flanigan,cflanigangu@lulu.com,Bigender,4.158.225.81
708,Judi,Belson,jbelsongv@behance.net,Non-binary,91.63.161.145
709,Sherill,Geare,sgearegw@mysql.com,Polygender,94.171.203.50
710,Glyn,Fader,gfadergx@last.fm,Non-binary,31.219.93.76
711,Elayne,Shambrooke,eshambrookegy@google.co.uk,Genderqueer,169.93.131.126
712,Tom,Lodin,tlodingz@sciencedaily.com,Polygender,110.6.183.12
713,Hillier,Kefford,hkeffordh0@shinystat.com,Genderfluid,163.155.88.68
714,Fielding,Ellesworthe,felleswortheh1@umich.edu,Genderfluid,177.255.128.26
715,Jacinta,Macieiczyk,jmacieiczykh2@jugem.jp,Polygender,26.120.90.7
716,Burnard,Gillease,bgilleaseh3@berkeley.edu,Bigender,41.93.65.114
717,Aggi,Dearman,adearmanh4@delicious.com,Polygender,72.206.187.52
718,Gay,Moye,gmoyeh5@wordpress.com,Polygender,174.231.137.42
719,Nicholas,Deniso,ndenisoh6@sun.com,Agender,254.2.218.173
720,Tim,Sharpe,tsharpeh7@ocn.ne.jp,Female,48.9.32.20
721,Ana,Dewick,adewickh8@umn.edu,Polygender,35.156.235.152
722,Arnaldo,Cheyenne,acheyenneh9@boston.com,Genderqueer,22.60.40.6
723,Farah,Loakes,floakesha@youtu.be,Genderfluid,59.37.67.173
724,Maurizia,Lukes,mlukeshb@soundcloud.com,Genderfluid,79.43.56.107
725,Adan,Simms,asimmshc@nifty.com,Bigender,26.40.105.26
726,Rhonda,Farrar,rfarrarhd@opensource.org,Polygender,237.197.20.249
727,Easter,Gowthrop,egowthrophe@phoca.cz,Bigender,191.8.155.137
728,Lorne,Tetsall,ltetsallhf@ted.com,Non-binary,9.70.18.190
729,Coral,Pym,cpymhg@scientificamerican.com,Genderqueer,96.165.253.129
730,Clemens,O'Dwyer,codwyerhh@google.ca,Genderfluid,69.83.165.129
731,Gav,Venturoli,gventurolihi@usgs.gov,Bigender,116.158.202.189
732,Aurilia,Shires,ashireshj@amazon.com,Genderfluid,37.196.189.23
733,Gus,Spurritt,gspurritthk@netlog.com,Agender,13.50.204.98
734,Grete,Keel,gkeelhl@wikipedia.org,Non-binary,129.222.119.27
735,Liza,Cuniffe,lcuniffehm@utexas.edu,Female,97.19.66.174
736,Chicky,Thornton-Dewhirst,cthorntondewhirsthn@wired.com,Non-binary,41.93.220.207
737,North,Moxson,nmoxsonho@t.co,Male,38.189.91.43
738,Lenard,Kopta,lkoptahp@hubpages.com,Female,237.186.187.160
739,Mackenzie,Tynan,mtynanhq@slashdot.org,Polygender,32.53.127.171
740,Erina,Lias,eliashr@mlb.com,Genderqueer,63.53.45.25
741,Kelsey,O'Fihily,kofihilyhs@pen.io,Female,208.34.44.10
742,Tabby,Fusedale,tfusedaleht@mayoclinic.com,Polygender,82.4.167.193
743,Barry,Jobb,bjobbhu@netlog.com,Agender,10.77.220.123
744,Shurwood,Loton,slotonhv@typepad.com,Polygender,67.24.104.85
745,Janey,Brooksbank,jbrooksbankhw@hao123.com,Non-binary,246.29.57.8
746,Holly-anne,Pethrick,hpethrickhx@jiathis.com,Agender,90.120.87.48
747,Brig,Dilawey,bdilaweyhy@acquirethisname.com,Polygender,48.194.105.112
748,Omero,Scoggans,oscogganshz@yale.edu,Male,2.168.173.236
749,Wendye,Pikett,wpiketti0@mapy.cz,Polygender,144.232.150.201
750,Tymothy,Davsley,tdavsleyi1@craigslist.org,Male,188.193.226.69
751,Tracy,Gremane,tgremanei2@hud.gov,Male,187.198.165.34
752,Ron,Cervantes,rcervantesi3@elpais.com,Non-binary,146.14.155.78
753,Teddie,Ambrogiotti,tambrogiottii4@ovh.net,Polygender,253.131.192.147
754,Vilma,Mulheron,vmulheroni5@mapy.cz,Male,242.158.254.196
755,Bartlett,Drever,bdreveri6@scribd.com,Female,212.130.226.49
756,Kendricks,Shipway,kshipwayi7@123-reg.co.uk,Genderfluid,77.17.225.30
757,Berk,Negro,bnegroi8@privacy.gov.au,Male,174.33.3.72
758,Shanda,Goodere,sgooderei9@elpais.com,Female,224.55.182.91
759,Worthington,Crowhurst,wcrowhurstia@chronoengine.com,Male,234.142.1.136
760,Sharline,Pidgin,spidginib@illinois.edu,Agender,87.83.16.128
761,Arte,Coat,acoatic@google.de,Bigender,4.169.158.146
762,Lavena,Ruppele,lruppeleid@studiopress.com,Polygender,15.65.147.173
763,Betta,Cullity,bcullityie@mit.edu,Male,34.244.189.214
764,Juditha,Pedrocchi,jpedrocchiif@sciencedaily.com,Polygender,24.166.35.148
765,Lemuel,Gillivrie,lgillivrieig@msn.com,Male,191.202.58.236
766,Kamilah,Belk,kbelkih@mapy.cz,Polygender,29.166.135.132
767,Sherlock,Waterstone,swaterstoneii@ted.com,Polygender,111.202.49.1
768,Marlow,Iacomini,miacominiij@psu.edu,Genderfluid,206.12.191.185
769,Felice,Meaddowcroft,fmeaddowcroftik@dion.ne.jp,Genderqueer,78.149.44.55
770,Giff,Dorrell,gdorrellil@cnn.com,Bigender,215.36.121.148
771,Lemuel,Fairbrass,lfairbrassim@prlog.org,Non-binary,103.138.8.219
772,Brody,Blincko,bblinckoin@jugem.jp,Non-binary,203.6.82.202
773,Jobye,Limpkin,jlimpkinio@hhs.gov,Genderfluid,2.31.97.161
774,Carry,Barriball,cbarriballip@archive.org,Female,114.86.93.153
775,Sallyann,Breit,sbreitiq@furl.net,Non-binary,220.129.154.112
776,Dulcy,Allington,dallingtonir@privacy.gov.au,Agender,3.147.170.226
777,Emmit,Kinlock,ekinlockis@senate.gov,Genderfluid,139.229.149.99
778,Darb,Skelding,dskeldingit@tripadvisor.com,Agender,226.41.94.175
779,Miguelita,Cummings,mcummingsiu@economist.com,Genderfluid,217.252.130.133
780,Steffi,Gillmor,sgillmoriv@seattletimes.com,Female,201.161.101.27
781,Shalne,Chupin,schupiniw@disqus.com,Genderfluid,117.165.161.63
782,Tony,Gunn,tgunnix@wikispaces.com,Genderqueer,0.175.240.84
783,Jacky,Lake,jlakeiy@cnbc.com,Agender,152.43.47.182
784,Grete,Bremen,gbremeniz@desdev.cn,Female,16.167.242.39
785,Riordan,Cubbino,rcubbinoj0@state.tx.us,Female,31.151.194.151
786,Adlai,Lendon,alendonj1@liveinternet.ru,Female,44.106.5.91
787,Kippy,Franzen,kfranzenj2@wired.com,Genderqueer,88.211.179.35
788,Candis,Rehor,crehorj3@naver.com,Non-binary,60.199.213.54
789,Oralia,Menicomb,omenicombj4@mlb.com,Genderqueer,58.136.5.35
790,Henrie,Kesterton,hkestertonj5@miibeian.gov.cn,Non-binary,84.246.152.133
791,Felicio,Booler,fboolerj6@usa.gov,Female,252.87.34.210
792,Avie,Jacquest,ajacquestj7@usa.gov,Genderfluid,129.54.154.102
793,Lauretta,Harroway,lharrowayj8@fastcompany.com,Bigender,55.220.202.157
794,Jared,Kirley,jkirleyj9@google.co.jp,Genderqueer,99.11.177.164
795,Steffie,Iacomi,siacomija@bluehost.com,Polygender,227.23.56.173
796,Lydia,Soldi,lsoldijb@webmd.com,Polygender,73.204.144.127
797,Kin,Heavens,kheavensjc@reuters.com,Non-binary,138.249.46.66
798,Mariquilla,Wilshaw,mwilshawjd@feedburner.com,Non-binary,126.217.50.234
799,Ginevra,Norcliff,gnorcliffje@ted.com,Bigender,232.237.113.105
800,Sabrina,Sivorn,ssivornjf@dmoz.org,Agender,100.16.231.30
801,Giovanni,Iglesias,giglesiasjg@squidoo.com,Male,131.123.181.78
802,Deirdre,Dron,ddronjh@biblegateway.com,Male,161.231.67.182
803,Saunders,Le Barr,slebarrji@qq.com,Genderfluid,160.133.182.18
804,Zabrina,Whetnell,zwhetnelljj@exblog.jp,Genderfluid,248.169.210.236
805,Marla,Conen,mconenjk@discovery.com,Agender,234.114.225.135
806,Brooke,Postle,bpostlejl@google.ca,Female,47.105.184.29
807,Kaine,McSweeney,kmcsweeneyjm@qq.com,Bigender,115.131.28.155
808,Stanford,Bullcock,sbullcockjn@exblog.jp,Non-binary,123.131.230.92
809,Tonnie,Bosanko,tbosankojo@oaic.gov.au,Genderfluid,25.52.89.186
810,Deerdre,Delong,ddelongjp@sakura.ne.jp,Female,152.113.53.251
811,Anjanette,Worner,awornerjq@ebay.co.uk,Genderqueer,24.251.246.115
812,Ambrosius,McSporon,amcsporonjr@themeforest.net,Female,46.17.198.242
813,Gerek,Crunkhurn,gcrunkhurnjs@sourceforge.net,Agender,108.159.6.165
814,Pauletta,Gouldeby,pgouldebyjt@umn.edu,Polygender,163.44.186.215
815,Robbi,Yepiskopov,ryepiskopovju@google.ru,Non-binary,64.99.215.181
816,Brewster,Reddy,breddyjv@gmpg.org,Polygender,205.16.131.220
817,Kassey,Willishire,kwillishirejw@bbc.co.uk,Male,209.126.165.233
818,Hersh,Ingrey,hingreyjx@csmonitor.com,Male,115.58.24.240
819,Donnie,Jeannin,djeanninjy@cbsnews.com,Genderfluid,31.71.235.10
820,Faydra,McMearty,fmcmeartyjz@cornell.edu,Female,124.253.139.118
821,Murdock,Arkell,markellk0@yellowbook.com,Genderfluid,172.214.236.105
822,Cleo,Beldom,cbeldomk1@sohu.com,Genderfluid,238.26.48.66
823,Deane,Bartoszek,dbartoszekk2@nymag.com,Bigender,205.227.4.10
824,Ophelia,Dockrell,odockrellk3@behance.net,Female,31.108.195.236
825,Sky,Brookshaw,sbrookshawk4@state.gov,Non-binary,144.109.108.51
826,Cariotta,Glanert,cglanertk5@nyu.edu,Bigender,45.125.207.159
827,Jorey,Adnam,jadnamk6@miitbeian.gov.cn,Non-binary,45.8.94.57
828,Gordie,Langford,glangfordk7@slate.com,Genderfluid,63.40.104.56
829,Jehanna,Mully,jmullyk8@statcounter.com,Genderfluid,14.178.131.205
830,Scottie,Danelut,sdanelutk9@theglobeandmail.com,Male,187.172.52.224
831,Kellyann,Stolting,kstoltingka@icq.com,Agender,175.208.115.252
832,Biron,Magne,bmagnekb@cocolog-nifty.com,Non-binary,101.148.210.214
833,Garwood,Gunningham,ggunninghamkc@jalbum.net,Female,208.226.189.145
834,Federico,Barrowcliff,fbarrowcliffkd@yellowpages.com,Genderqueer,20.223.246.176
835,Sindee,Spada,sspadake@woothemes.com,Bigender,175.29.188.213
836,Wallis,Grummitt,wgrummittkf@slate.com,Polygender,183.196.186.159
837,Carmen,Caunce,ccauncekg@who.int,Non-binary,58.36.1.237
838,Lucien,Franseco,lfransecokh@walmart.com,Non-binary,233.49.67.164
839,Chandra,Gallehock,cgallehockki@chicagotribune.com,Polygender,140.210.130.140
840,Katya,Dover,kdoverkj@ning.com,Bigender,17.31.62.25
841,Elberta,Takle,etaklekk@mapy.cz,Agender,81.56.44.27
842,Cinda,Svanini,csvaninikl@yale.edu,Male,14.223.152.52
843,Amity,Puvia,apuviakm@omniture.com,Male,158.222.171.219
844,Anet,Foye,afoyekn@odnoklassniki.ru,Genderqueer,246.124.115.146
845,Wendi,Charkham,wcharkhamko@wikia.com,Genderfluid,71.106.153.197
846,Lisha,Giddins,lgiddinskp@huffingtonpost.com,Agender,136.203.51.5
847,Terry,Jeffcock,tjeffcockkq@statcounter.com,Agender,33.141.132.219
848,Bealle,Wrack,bwrackkr@fastcompany.com,Agender,248.253.183.160
849,Gabrila,Donan,gdonanks@amazon.co.uk,Polygender,29.152.139.174
850,Rafaelita,Glasscoo,rglasscookt@oaic.gov.au,Bigender,183.233.231.225
851,Ellynn,Swetmore,eswetmoreku@parallels.com,Genderfluid,12.151.156.149
852,Mallissa,Giametti,mgiamettikv@privacy.gov.au,Agender,252.237.231.4
853,Collen,Eliff,celiffkw@simplemachines.org,Genderfluid,48.76.142.184
854,Carmine,Scyone,cscyonekx@nasa.gov,Genderfluid,88.53.65.94
855,Korry,Riep,kriepky@mail.ru,Non-binary,134.229.87.188
856,Pincas,Bendon,pbendonkz@unc.edu,Male,57.11.163.97
857,Quintus,Ruseworth,qruseworthl0@cpanel.net,Agender,219.225.147.244
858,Piper,Somner,psomnerl1@dedecms.com,Genderfluid,90.53.209.231
859,Wanids,De Rye Barrett,wderyebarrettl2@purevolume.com,Bigender,120.75.210.190
860,Ermin,Barhams,ebarhamsl3@opensource.org,Agender,33.26.24.80
861,Vitia,Nast,vnastl4@altervista.org,Male,85.211.101.21
862,Koenraad,McCart,kmccartl5@cnet.com,Genderqueer,224.9.59.141
863,Darline,Hruska,dhruskal6@google.com,Male,226.115.251.24
864,Lockwood,Rous,lrousl7@com.com,Female,28.197.228.191
865,Corella,Rosendorf,crosendorfl8@sbwire.com,Polygender,59.163.120.217
866,Erinna,Sadry,esadryl9@weibo.com,Male,175.90.28.193
867,Danella,Constant,dconstantla@vimeo.com,Non-binary,138.102.8.57
868,Othelia,Causey,ocauseylb@google.com,Female,32.129.203.144
869,Genna,Luno,glunolc@accuweather.com,Genderqueer,189.67.45.244
870,Sela,Tripet,stripetld@epa.gov,Genderqueer,96.25.5.22
871,Wheeler,Kennea,wkenneale@home.pl,Female,49.194.239.42
872,Rab,Ingarfill,ringarfilllf@addthis.com,Bigender,202.141.191.165
873,Beverie,Grogona,bgrogonalg@howstuffworks.com,Genderqueer,233.212.193.251
874,Dionisio,Spofforth,dspofforthlh@oracle.com,Genderqueer,97.159.1.16
875,Ferdinanda,Keaveny,fkeavenyli@bbb.org,Agender,174.48.89.55
876,Phedra,Hayhoe,phayhoelj@usda.gov,Agender,173.192.236.74
877,Bertina,Orhrt,borhrtlk@cyberchimps.com,Agender,195.214.154.179
878,Emmett,Anespie,eanespiell@artisteer.com,Male,29.34.146.87
879,Vinson,Ramsted,vramstedlm@scientificamerican.com,Genderfluid,223.170.135.191
880,William,Hise,whiseln@naver.com,Bigender,201.250.183.23
881,Brandyn,Fendley,bfendleylo@typepad.com,Agender,52.108.177.75
882,Trevor,Summerlie,tsummerlielp@instagram.com,Polygender,90.240.144.252
883,Minerva,Ridesdale,mridesdalelq@go.com,Bigender,36.88.62.98
884,Alphonso,Dunn,adunnlr@pinterest.com,Polygender,60.233.191.22
885,Minnnie,Summerskill,msummerskillls@imdb.com,Genderqueer,20.25.216.239
886,Kristine,Castaner,kcastanerlt@dailymail.co.uk,Non-binary,155.214.182.64
887,Esmeralda,Elcox,eelcoxlu@unblog.fr,Male,32.129.191.136
888,Jeane,Branchet,jbranchetlv@fotki.com,Male,231.222.211.128
889,Milli,Kleinhausen,mkleinhausenlw@hao123.com,Male,239.128.120.32
890,Osmund,Getley,ogetleylx@booking.com,Polygender,119.134.65.199
891,Tarrance,Ortet,tortetly@cnet.com,Genderfluid,223.177.121.83
892,Constantine,Streather,cstreatherlz@soundcloud.com,Polygender,46.196.41.244
893,Farlay,Pillinger,fpillingerm0@theguardian.com,Male,96.18.92.64
894,Sheridan,Cholmondeley,scholmondeleym1@businesswire.com,Male,6.163.11.90
895,Fransisco,Skews,fskewsm2@smh.com.au,Female,0.47.60.104
896,Michel,Faulkener,mfaulkenerm3@berkeley.edu,Agender,248.219.219.82
897,Ammamaria,Deamer,adeamerm4@dot.gov,Genderfluid,64.251.25.229
898,Ricky,Ingon,ringonm5@hc360.com,Bigender,121.195.189.88
899,Renaldo,Saiger,rsaigerm6@instagram.com,Bigender,44.82.230.106
900,Angelia,Flanne,aflannem7@newyorker.com,Polygender,122.128.100.185
901,Corrina,Culshaw,cculshawm8@eepurl.com,Genderqueer,77.71.110.70
902,Tabb,Pelerin,tpelerinm9@theguardian.com,Female,124.126.111.98
903,Mia,Capstaff,mcapstaffma@redcross.org,Male,46.55.85.30
904,Gustave,Farlambe,gfarlambemb@github.io,Female,197.204.81.170
905,Lani,Pargeter,lpargetermc@foxnews.com,Agender,111.123.120.122
906,Reade,Rayson,rraysonmd@jiathis.com,Genderqueer,168.99.118.203
907,Laural,Whitlock,lwhitlockme@dagondesign.com,Female,205.222.179.199
908,Ruttger,Serjeant,rserjeantmf@instagram.com,Female,8.183.167.13
909,Jess,Seamons,jseamonsmg@macromedia.com,Non-binary,130.31.156.71
910,Aristotle,Matthewson,amatthewsonmh@joomla.org,Polygender,149.158.129.54
911,Land,Mildner,lmildnermi@samsung.com,Bigender,32.244.19.87
912,Duffie,Ciric,dciricmj@odnoklassniki.ru,Polygender,13.36.203.28
913,Stacia,Edards,sedardsmk@cyberchimps.com,Male,154.177.165.86
914,Marven,Millsom,mmillsomml@topsy.com,Genderfluid,70.181.135.21
915,Catha,Ripsher,cripshermm@bravesites.com,Bigender,236.38.72.68
916,Tabbitha,Pesek,tpesekmn@over-blog.com,Genderfluid,191.92.128.151
917,Hunfredo,Aldiss,haldissmo@t-online.de,Female,72.143.60.88
918,Hewie,Esilmon,hesilmonmp@techcrunch.com,Female,112.204.69.57
919,Sherwynd,Dalley,sdalleymq@mozilla.com,Genderqueer,119.178.59.17
920,Noach,Lippiello,nlippiellomr@bravesites.com,Genderqueer,217.92.70.212
921,Guilbert,Stapley,gstapleyms@altervista.org,Male,25.247.161.84
922,Mae,Deeth,mdeethmt@sogou.com,Genderqueer,71.178.17.252
923,Curry,Schrinel,cschrinelmu@buzzfeed.com,Genderqueer,23.131.37.159
924,Gilbertine,Pinel,gpinelmv@google.com.au,Agender,70.173.114.129
925,Benjy,Dolan,bdolanmw@yellowbook.com,Bigender,120.251.197.35
926,Merrili,Verralls,mverrallsmx@t-online.de,Genderqueer,107.204.19.122
927,Rutger,Soanes,rsoanesmy@delicious.com,Genderfluid,148.8.187.158
928,Tucker,Carlesi,tcarlesimz@unicef.org,Bigender,241.203.162.53
929,Josee,Drewe,jdrewen0@trellian.com,Polygender,187.209.215.53
930,Felicia,Simmens,fsimmensn1@about.me,Genderfluid,82.147.75.29
931,Lurline,MacLeese,lmacleesen2@nasa.gov,Female,248.24.214.101
932,Shirlene,Manz,smanzn3@freewebs.com,Bigender,204.56.138.185
933,Augustin,Thrift,athriftn4@statcounter.com,Bigender,178.251.87.54
934,Brittney,Grewar,bgrewarn5@columbia.edu,Genderfluid,108.253.139.239
935,Richie,Savins,rsavinsn6@google.com,Genderfluid,132.55.113.188
936,Stephen,Gaitskill,sgaitskilln7@upenn.edu,Female,92.1.51.72
937,Jaime,Bontoft,jbontoftn8@twitter.com,Agender,210.138.208.215
938,Allan,Ding,adingn9@ocn.ne.jp,Male,144.42.139.57
939,Wallache,Harbison,wharbisonna@quantcast.com,Genderqueer,251.204.18.189
940,Dianemarie,Moreby,dmorebynb@histats.com,Female,231.249.47.172
941,Merrielle,Lapthorn,mlapthornnc@hibu.com,Male,9.231.13.9
942,Viola,Tryhorn,vtryhornnd@woothemes.com,Genderfluid,70.84.158.212
943,Daniela,Slater,dslaterne@nba.com,Genderqueer,116.237.145.144
944,Andreas,Ferriday,aferridaynf@utexas.edu,Non-binary,209.145.195.227
945,Dulcine,Schooling,dschoolingng@imgur.com,Agender,93.87.70.234
946,Toma,Dreossi,tdreossinh@exblog.jp,Male,156.83.163.56
947,Jodi,Vardy,jvardyni@issuu.com,Non-binary,135.89.204.188
948,Sue,Shirlaw,sshirlawnj@issuu.com,Agender,200.217.192.145
949,Edwin,Lody,elodynk@sogou.com,Polygender,117.77.95.74
950,Howie,Sherrum,hsherrumnl@hugedomains.com,Genderqueer,2.32.255.203
951,Candace,Kobisch,ckobischnm@slate.com,Agender,162.77.1.72
952,Ollie,Battison,obattisonnn@amazon.de,Female,60.89.244.163
953,Darin,Houndesome,dhoundesomeno@w3.org,Genderqueer,139.128.42.22
954,Reube,Bowlesworth,rbowlesworthnp@uiuc.edu,Genderqueer,184.163.166.156
955,Trev,Whereat,twhereatnq@berkeley.edu,Female,185.70.115.147
956,Rochella,Blaszczyk,rblaszczyknr@cafepress.com,Genderfluid,3.214.228.32
957,Cornelle,Yewdell,cyewdellns@shutterfly.com,Non-binary,160.178.237.85
958,Vivyanne,Gorrissen,vgorrissennt@microsoft.com,Polygender,121.147.58.249
959,Laurianne,Hastilow,lhastilownu@weibo.com,Bigender,255.202.57.35
960,Coral,Cohan,ccohannv@oracle.com,Polygender,114.149.192.41
961,Agnese,Pockett,apockettnw@dropbox.com,Agender,106.27.35.8
962,Anitra,Pougher,apoughernx@upenn.edu,Polygender,43.98.253.135
963,Dyann,Hamman,dhammanny@nydailynews.com,Genderfluid,194.14.197.152
964,Deina,Mulleary,dmullearynz@usgs.gov,Polygender,92.30.217.246
965,Sherye,Feaver,sfeavero0@goo.gl,Non-binary,40.240.181.133
966,Dona,Sauter,dsautero1@disqus.com,Bigender,231.73.126.28
967,Waly,Jencken,wjenckeno2@comcast.net,Bigender,74.88.141.246
968,Mufinella,Helling,mhellingo3@tripod.com,Polygender,115.248.86.36
969,Brittne,Farn,bfarno4@abc.net.au,Polygender,93.4.34.221
970,Lelah,Spender,lspendero5@mit.edu,Genderqueer,223.221.107.155
971,Elke,Pelcheur,epelcheuro6@edublogs.org,Male,10.189.218.247
972,Adriane,Scaice,ascaiceo7@cargocollective.com,Non-binary,143.245.168.91
973,Pearl,Aird,pairdo8@unblog.fr,Male,5.50.233.204
974,Elisabeth,Ilett,eiletto9@ibm.com,Male,86.120.216.51
975,Timmy,Spurge,tspurgeoa@ucoz.com,Male,112.123.184.64
976,Brooke,Pomfret,bpomfretob@google.ru,Non-binary,252.139.235.94
977,Gus,Murtimer,gmurtimeroc@deliciousdays.com,Genderqueer,195.35.99.22
978,Lotty,Gonsalo,lgonsalood@usgs.gov,Non-binary,42.246.181.250
979,Nikolai,Malimoe,nmalimoeoe@ca.gov,Female,195.192.120.79
980,Lanni,Feldharker,lfeldharkerof@jimdo.com,Genderfluid,89.137.171.205
981,Karel,Clem,kclemog@ocn.ne.jp,Agender,215.11.224.130
982,Harri,Reynoldson,hreynoldsonoh@ycombinator.com,Agender,46.63.35.152
983,Maxim,Parkins,mparkinsoi@deliciousdays.com,Bigender,201.175.190.35
984,Oates,Sweett,osweettoj@cbc.ca,Bigender,131.66.125.16
985,Evelyn,Korneluk,ekornelukok@guardian.co.uk,Genderqueer,140.74.183.54
986,Sam,Dobrowolski,sdobrowolskiol@clickbank.net,Female,136.20.244.110
987,Hastie,Dilloway,hdillowayom@cocolog-nifty.com,Bigender,125.221.90.94
988,Augustina,Meltetal,ameltetalon@people.com.cn,Genderqueer,58.163.196.235
989,Joceline,Klesel,jkleseloo@prweb.com,Non-binary,180.235.179.205
990,Ninnette,Shard,nshardop@yahoo.com,Genderqueer,193.185.166.180
991,Annadiane,Sandle,asandleoq@discovery.com,Male,233.41.103.96
992,Garek,Rockwill,grockwillor@tinypic.com,Agender,117.2.180.46
993,Othello,Hirjak,ohirjakos@globo.com,Genderqueer,19.144.39.45
994,Claudell,Satford,csatfordot@ocn.ne.jp,Agender,153.157.205.115
995,Lyndell,Pedrol,lpedrolou@yolasite.com,Agender,231.13.71.76
996,Donall,Hackinge,dhackingeov@studiopress.com,Bigender,211.9.216.143
997,Clementina,Greschik,cgreschikow@over-blog.com,Bigender,240.9.171.125
998,Tybalt,Barbrick,tbarbrickox@earthlink.net,Agender,79.1.135.127
999,Inga,Flattman,iflattmanoy@who.int,Non-binary,61.196.92.42
1000,Ramsey,Battell,rbattelloz@ft.com,Non-binary,9.96.253.229
1001,Cristin,Whithorn,cwhithornp0@smugmug.com,Genderfluid,202.143.30.18
1002,Teodor,Flade,tfladep1@state.tx.us,Agender,139.212.206.89
1003,Harlen,Sole,hsolep2@miitbeian.gov.cn,Male,161.20.52.186
1004,Lorne,Craven,lcravenp3@i2i.jp,Genderqueer,159.144.20.41
1005,Neil,Colum,ncolump4@live.com,Bigender,51.236.63.66
1006,Ceciley,Kerss,ckerssp5@pagesperso-orange.fr,Non-binary,61.123.254.172
1007,Maritsa,Bigby,mbigbyp6@123-reg.co.uk,Genderfluid,67.205.11.87
1008,Burt,Orry,borryp7@jimdo.com,Non-binary,139.214.226.252
1009,Rosy,Geekie,rgeekiep8@nymag.com,Female,243.98.32.246
1010,Allyn,Dursley,adursleyp9@columbia.edu,Agender,131.139.19.90
1011,Audy,Ogus,aoguspa@1688.com,Bigender,249.210.16.160
1012,Artemis,Bothen,abothenpb@nifty.com,Genderqueer,88.39.90.26
1013,Cyndy,Kabisch,ckabischpc@google.com.hk,Bigender,88.12.140.5
1014,Orelee,Howorth,ohoworthpd@ucoz.com,Polygender,6.130.220.167
1015,Elena,Zorzi,ezorzipe@narod.ru,Agender,27.59.61.21
1016,Harlie,Blagbrough,hblagbroughpf@xing.com,Genderfluid,116.119.56.30
1017,Trina,Caesar,tcaesarpg@blogger.com,Genderfluid,145.28.171.105
1018,Lin,Hackelton,lhackeltonph@sina.com.cn,Polygender,189.73.231.225
1019,Cathrine,Persicke,cpersickepi@samsung.com,Female,26.104.120.114
1020,Romola,Rosle,rroslepj@miitbeian.gov.cn,Genderfluid,193.77.48.247
1021,Bobina,Timmins,btimminspk@pcworld.com,Polygender,209.213.86.15
1022,Powell,Greenman,pgreenmanpl@alibaba.com,Non-binary,145.74.171.131
1023,Stormy,O'Corren,socorrenpm@artisteer.com,Non-binary,79.218.162.194
1024,Anjanette,Kinglake,akinglakepn@wikispaces.com,Genderqueer,201.55.2.193
1025,Danila,Braunds,dbraundspo@soundcloud.com,Female,127.46.71.32
1026,Lulita,Issacof,lissacofpp@wikispaces.com,Polygender,95.114.233.248
1027,Say,Labon,slabonpq@msn.com,Female,84.181.37.238
1028,Nissie,Volant,nvolantpr@soup.io,Polygender,156.191.171.212
1029,Craig,Marner,cmarnerps@eventbrite.com,Bigender,2.195.5.101
1030,Wenda,Faers,wfaerspt@squarespace.com,Genderfluid,135.121.26.147
1031,Bobinette,Burgess,bburgesspu@cbsnews.com,Agender,25.55.47.198
1032,Arlinda,Harrowell,aharrowellpv@live.com,Genderqueer,180.22.72.161
1033,Yevette,Richen,yrichenpw@youku.com,Female,52.33.42.215
1034,Carlyle,Benwell,cbenwellpx@networksolutions.com,Bigender,149.209.224.193
1035,Hollie,Aslet,hasletpy@youtu.be,Female,49.147.128.235
1036,Ruby,Belfield,rbelfieldpz@un.org,Male,106.252.33.148
1037,Franklin,Lohde,flohdeq0@opera.com,Male,180.73.210.34
1038,Even,Linkin,elinkinq1@amazon.co.jp,Genderfluid,43.198.219.203
1039,Augusta,Carlett,acarlettq2@oracle.com,Male,27.237.215.25
1040,Fernando,Gidney,fgidneyq3@unblog.fr,Female,123.246.45.135
1041,Nikos,Norcott,nnorcottq4@fastcompany.com,Agender,237.29.21.155
1042,Kiah,Beasant,kbeasantq5@tiny.cc,Male,224.40.9.33
1043,Natalee,Penticoot,npenticootq6@cyberchimps.com,Genderqueer,85.205.37.79
1044,Falkner,Hart,fhartq7@illinois.edu,Genderfluid,24.183.64.132
1045,Ardath,Arbor,aarborq8@cafepress.com,Polygender,186.164.187.243
1046,Abramo,Alliband,aallibandq9@canalblog.com,Genderfluid,56.107.110.98
1047,Hank,Petrovic,hpetrovicqa@eventbrite.com,Non-binary,60.14.135.163
1048,Letty,Cantle,lcantleqb@addthis.com,Male,125.227.13.137
1049,Alfonso,Junifer,ajuniferqc@symantec.com,Polygender,115.219.224.151
1050,Dulcie,Kobiera,dkobieraqd@narod.ru,Female,116.150.49.131
1051,Lorita,Cariss,lcarissqe@flavors.me,Genderqueer,176.132.253.108
1052,Rosanna,Severns,rsevernsqf@google.ru,Polygender,9.167.62.147
1053,Maynard,Pettitt,mpettittqg@cam.ac.uk,Polygender,243.227.178.33
1054,Kesley,Voss,kvossqh@altervista.org,Female,195.248.229.127
1055,Feliks,Abelson,fabelsonqi@twitter.com,Non-binary,201.58.225.225
1056,Kaycee,Roark,kroarkqj@ebay.com,Genderqueer,82.172.17.58
1057,Tymon,Pascho,tpaschoqk@printfriendly.com,Genderfluid,56.4.244.174
1058,Gannie,Thewless,gthewlessql@accuweather.com,Female,130.219.81.1
1059,Jennilee,Laugheran,jlaugheranqm@jalbum.net,Genderfluid,31.12.6.67
1060,Elias,Hallwood,ehallwoodqn@aboutads.info,Genderqueer,92.203.228.80
1061,Frederica,Le Provost,fleprovostqo@nasa.gov,Agender,255.26.94.208
1062,Manon,Stennett,mstennettqp@comsenz.com,Non-binary,30.137.123.30
1063,Pennie,Kiernan,pkiernanqq@stanford.edu,Female,92.22.238.44
1064,Jamie,Surtees,jsurteesqr@merriam-webster.com,Agender,147.236.56.245
1065,Wendel,Gabits,wgabitsqs@netvibes.com,Bigender,179.145.124.62
1066,Benji,Money,bmoneyqt@wix.com,Female,185.125.179.240
1067,Sherman,Boutwell,sboutwellqu@biblegateway.com,Female,160.185.114.163
1068,Myrtie,Dalzell,mdalzellqv@cbsnews.com,Agender,19.148.243.71
1069,Pietrek,Beggio,pbeggioqw@nytimes.com,Genderfluid,199.8.116.128
1070,Weston,Jojic,wjojicqx@de.vu,Polygender,64.182.54.83
1071,Annabelle,Pennone,apennoneqy@twitpic.com,Agender,131.24.176.20
1072,Ofilia,Bruckental,obruckentalqz@statcounter.com,Female,25.95.74.0
1073,Linnea,Sulter,lsulterr0@yellowpages.com,Agender,160.213.173.79
1074,Willey,Cavolini,wcavolinir1@cnn.com,Agender,196.194.207.68
1075,Guenevere,Galbreath,ggalbreathr2@sciencedaily.com,Genderqueer,201.68.219.102
1076,Letitia,Le Brun,llebrunr3@ft.com,Polygender,142.211.228.114
1077,Zita,Silber,zsilberr4@house.gov,Non-binary,1.143.111.32
1078,Bayard,Hampe,bhamper5@liveinternet.ru,Genderqueer,225.127.66.130
1079,Wini,Exposito,wexpositor6@boston.com,Non-binary,33.178.22.167
1080,Ynes,Duchatel,yduchatelr7@admin.ch,Genderfluid,200.17.177.128
1081,Terri,Denness,tdennessr8@usnews.com,Agender,98.44.201.56
1082,Olympie,Samsworth,osamsworthr9@google.co.jp,Polygender,141.112.62.11
1083,Janice,Speirs,jspeirsra@nytimes.com,Male,23.151.233.151
1084,Emlynn,Antognoni,eantognonirb@facebook.com,Male,100.16.205.176
1085,Ambrosi,Dewfall,adewfallrc@disqus.com,Genderqueer,109.151.172.72
1086,Erin,McClary,emcclaryrd@ca.gov,Non-binary,38.143.236.144
1087,Arley,Jeanet,ajeanetre@examiner.com,Male,117.164.112.204
1088,Doro,Alvarado,dalvaradorf@chicagotribune.com,Genderqueer,27.109.141.245
1089,Adda,Dutt,aduttrg@tinyurl.com,Genderfluid,112.91.93.75
1090,Pattie,Eberlein,peberleinrh@wikia.com,Bigender,187.54.27.27
1091,Myrwyn,Billiard,mbilliardri@seesaa.net,Female,209.254.145.23
1092,Kearney,Finneran,kfinneranrj@patch.com,Agender,39.247.113.169
1093,Roma,Ordish,rordishrk@latimes.com,Genderqueer,49.161.167.108
1094,Lonni,Gerring,lgerringrl@marketwatch.com,Bigender,89.41.216.30
1095,Ava,Spry,aspryrm@blogspot.com,Female,124.118.163.59
1096,Karina,Girault,kgiraultrn@linkedin.com,Agender,141.175.154.87
1097,Arthur,Fogden,afogdenro@symantec.com,Polygender,39.176.5.80
1098,Issiah,Snipe,isniperp@nyu.edu,Genderfluid,11.251.84.98
1099,Shela,Kirkbright,skirkbrightrq@ihg.com,Bigender,198.79.142.42
1100,Abrahan,Boakes,aboakesrr@buzzfeed.com,Non-binary,60.253.238.91
